OpportunityId,exceptiontype
7-32KXDK5N5X,Soft
7-336CRJOIKU,Soft
7-336NF42HVG,Soft
7-ZRDPVAFMJ,Soft
7-YQSZUYTJM,Soft
7-UBCRQYXPK,Soft
7-YHTNFDDNM,Soft
7-Y5UW2V67H,Soft
7-YZH5IW5TT,Soft
7-32ENVWK4L5,Soft
7-32AWTJQQQF,Soft
7-33A3HT7HYE,Soft
7-XCW76EFO2,Soft
7-33BLZXURVZ,Soft
7-332W2MH7SI,Soft
7-3354A7HNFM,Soft
7-ZP7EZSSKW,Soft
7-333FNCRVOM,Soft
7-3364DBJI5V,Soft
7-33KUFQPDOK,Soft
7-33LWDHA2QO,Soft
7-YHVYNYTSW,Soft
7-YL454DCLW,Soft
7-327CP3U6HX,Soft
7-32AM6XENXB,Soft
7-T435FI5KN,Soft
7-327BF3GWMF,Soft
7-32237ZIIRH,Soft
7-323V7PL3CR,Soft
7-ZUP5ZVMPY,Soft
7-ZWD6OUNGC,Soft
7-32HR62QHEU,Soft
7-32LK4FHHKV,Soft
7-32MVQ7OIHC,Soft
7-33F4GXSAAL,Soft
7-33GTQMVUSJ,Soft
7-32XDJ2VHKN,Soft
7-33MZDEOOXH,Soft
7-ZUP5SNLAP,Soft
7-33IU2USCVV,Soft
7-32FE6ZIGER,Soft
7-32H6XL64GY,Soft
7-YNG3BXYMT,Soft
7-32CPP4JGYG,Soft
7-ZD2W3TRV2,Soft
7-YSFYDSZLX,Soft
7-334FGHLEOZ,Soft
7-32MT3UNCWY,Soft
7-33OANDZC35,Soft
7-32AKAV6FQY,Soft
7-322TNLENBT,Soft
7-ZJI567VEQ,Soft
7-32BTIFJXWM,Soft
7-32QGLJIADC,Soft
7-33C547SL6O,Soft
7-32UHW62KZK,Soft
7-325LMKHLLJ,Soft
7-32V6U5W7OE,Soft
7-32U5XUBNOE,Soft
7-33HDQGYUE7,Soft
7-32VNN7E224,Soft
7-33HVIHNFTN,Soft
7-33MF3ZDYE6,Soft
7-33ITZB2ORD,Soft
7-33IVEN7DID,Soft
7-33DWRTPJ6X,Soft
7-33O6IPRZSC,Soft
7-33OHKHHTRO,Soft
7-33FYZ7JYUV,Soft
7-33HBB6R2IJ,Soft
7-X7MD273WH,Soft
7-XRVJOPRPA,Soft
7-325EWQ4LRP,Soft
7-U3APDHBKZ,Soft
7-33CJDZSDRY,Soft
7-33O6Y3RC52,Soft
7-32HWTMH7CM,Soft
7-32WATWYGJ2,Soft
7-33KVRU47QA,Soft
7-33L4D6XLW2,Soft
7-Y6TQ3B4C6,Soft
7-33LGUR2CGD,Soft
7-33AG22RHFL,Soft
7-33M5U5GLKV,Soft
7-33DDVUVJ2T,Soft
7-33DTMDQK33,Soft
7-YXZ7B3NLB,Soft
7-YY4MQF7EN,Soft
7-33OMYTSOZW,Soft
7-32JVXRFJ3Q,Soft
7-W34IQIBMA,Soft
7-32EPIT6HPM,Soft
7-336VZBYUGL,Soft
7-33A4CQORZS,Soft
7-33BTXVWBHI,Soft
7-32H5JNGQGW,Soft
7-32HDPN6Q2U,Soft
7-3277UEO3O4,Soft
7-32A2UL5SVI,Soft
7-32HQAWLNTN,Soft
7-32NIHLFPQ5,Soft
7-32OPCL3XY7,Soft
7-32QJIECF5F,Soft
7-337U7QFNY4,Soft
7-33FWPOST2F,Soft
7-33HFAVPZA5,Soft
7-33HTZJO3W2,Soft
7-32XOZIK6UM,Soft
7-3375SZZ7RW,Soft
7-32EI3PH56Q,Soft
7-33AUDQRGJT,Soft
7-33D2WGUAMW,Soft
7-33EY6URRWV,Soft
7-32YTB5UI5I,Soft
7-32ZDYN4ROO,Soft
7-336WLF7WHX,Soft
7-32FY4QBP52,Soft
7-33ABXZD2QG,Soft
7-32JR43UTTG,Soft
7-32X5JUGOT6,Soft
7-334KXPZ5JD,Soft
7-33IEFHO7CH,Soft
7-33JL5NV4K5,Soft
7-YT3FBOV3S,Soft
7-332M3D6YED,Soft
7-33M3JUO2CP,Soft
7-332SA62R5T,Soft
7-33MD26P3VR,Soft
7-332PNOVEJD,Soft
7-336XXW6DMB,Soft
7-32FOKD4EFL,Soft
7-ZJ5WEQKYE,Soft
7-32NAPFOES5,Soft
7-32QUVWR6WW,Soft
7-32TQWYO6EU,Soft
7-ZZJFYAGHD,Soft
7-32VCI5HNFZ,Soft
7-YKDDHUJSE,Soft
7-33IZFN2Q5I,Soft
7-Z3GMAVJKS,Soft
7-33FBZLADSO,Soft
7-33GQXWOSKK,Soft
7-32N2GWU6J7,Soft
7-33DNWPKDO2,Soft
7-XPTSNGWD6,Soft
7-XPU4THKP4,Soft
7-332ZJNMGEC,Soft
7-33IU7AKTHH,Soft
7-33JFA7ICOF,Soft
7-32ZKRXALIM,Soft
7-33KVPTER5O,Soft
7-33LD4W2YPJ,Soft
7-33EF37G2V7,Soft
7-32BUFIRGAS,Soft
7-33FCSWUSF7,Soft
7-33NZOSG3PV,Soft
7-33OSOAF3K3,Soft
7-32HAXS2FWP,Soft
7-326NIZTW4Z,Soft
7-325ELQBDEP,Soft
7-326XR6JG24,Soft
7-32BVCNNBW7,Soft
7-33DQJF6LJS,Soft
7-32OAY3B2RL,Soft
7-32OHVMIBET,Soft
7-XJ7A6AEFZ,Soft
7-32YUOKBD43,Soft
7-32ZIQFEIOS,Soft
7-3224FHAVEJ,Soft
7-32HWR4ZI72,Soft
7-33DOID5KGY,Soft
7-32XRENO7LM,Soft
7-32VA3DM5ZW,Soft
7-33DV22YI3Q,Soft
7-33F37OJOJG,Soft
7-32PWKCFLFG,Soft
7-ZKZA3322L,Soft
7-33HBLUYB3C,Soft
7-32ZRIF3ECW,Soft
7-33OPT4VITY,Soft
7-333MA35IVZ,Soft
7-33AARMSFYE,Soft
7-YW6QPC7Y3,Soft
7-ZUGJPFOJL,Soft
7-UXWAPHOLR,Soft
7-YM5W2PLNB,Soft
7-32QAC2VBZG,Soft
7-32TZQCTXE3,Soft
7-333DBGBAOZ,Soft
7-33E7FPXYCK,Soft
7-334DU4M5TO,Soft
7-33B6QQVWLH,Soft
7-32S4VE2XHX,Soft
7-33DHSI3RRC,Soft
7-33ES2BVEJP,Soft
7-32MRTBUTG4,Soft
7-32NIYSXZHV,Soft
7-WEZA4KI7A,Soft
7-WYG7OOPPA,Soft
7-33CENBZPK4,Soft
7-Y7O5L3VR6,Soft
7-33DCBWZDRA,Soft
7-32MHX7UPUV,Soft
7-ZUNMJJGGH,Soft
7-32W3WL3BDS,Soft
7-32WVMMH6TJ,Soft
7-32XV4N6I6W,Soft
7-WOJLOHMGM,Soft
7-ZPGLUGSEH,Soft
7-32ERTYPDWX,Soft
7-3375I7V2F4,Soft
7-33ARC77F5V,Soft
7-XJXQIRTYC,Soft
7-33CE4NOCNF,Soft
7-33D6H3ZQET,Soft
7-YREQJ5DDL,Soft
7-ZQVLNJSKZ,Soft
7-33DZW3T6EL,Soft
7-YRIQWTN3Q,Soft
7-33ITHUHS4S,Soft
7-33MVIITLYW,Soft
7-Z5ZGF2NI5,Soft
7-Z6UN2WGFL,Soft
7-332ICGLJKP,Soft
7-332ODBQKQD,Soft
7-ODY2CT4AO,Soft
7-ZWM4G5ARB,Soft
7-UNBJ6YPRL,Soft
7-326X27SDIA,Soft
7-327E53GHQ4,Soft
7-335EQHCOOG,Soft
7-32B3UZP7HZ,Soft
7-32ZRQBH4TC,Soft
7-3332JZUBZ3,Soft
7-33L5MHXHDH,Soft
7-32JF3XLB73,Soft
7-32VQOJZ5PG,Soft
7-ZVKGRXFIX,Soft
7-ZW4O7WHPZ,Soft
7-32WE336JL7,Soft
7-VFU7U3I2R,Soft
7-32E5KNTYFT,Soft
7-33E4FKDGAF,Soft
7-33EAPV6WCD,Soft
7-33HJXSEPVN,Soft
7-33HXAZ6SZE,Soft
7-3356XPJXD5,Soft
7-335E3LC62I,Soft
7-33C2OOU5DW,Soft
7-336FUPKCVG,Soft
7-336IQKEPEU,Soft
7-XMQXBJ3NS,Soft
7-33ADEKDRSJ,Soft
7-32TTCL45SP,Soft
7-33AFLVH2XU,Soft
7-33BK4PJ45L,Soft
7-XEZD72GY7,Soft
7-YBKST4VH6,Soft
7-335AVWO4B6,Soft
7-33N2OXYDNG,Soft
7-33N4P2MBAO,Soft
7-33NX7YGU26,Soft
7-32FD3LSD2O,Soft
7-32YSI2C5GW,Soft
7-33AEHM3AIF,Soft
7-33CKICKRP7,Soft
7-33DCC77VJC,Soft
7-32VMTK2M5R,Soft
7-33OYITLIY6,Soft
7-33DMBUSSDG,Soft
7-33GTMANFR2,Soft
7-ZUKFHDRA7,Soft
7-322JH3Q4L5,Soft
7-32VNXB35YB,Soft
7-32WCHCPSRG,Soft
7-32Z6VSDUVF,Soft
7-33FP5WL6BE,Soft
7-33HCVHBRLE,Soft
7-33HKKHTSLY,Soft
7-33CLN3J3N2,Soft
7-32JG3P24SM,Soft
7-334YQCBP6C,Soft
7-33MMAKIORC,Soft
7-32OOZU7PP7,Soft
7-32PYUR4FUH,Soft
7-32HX4I36UY,Soft
7-322VXEHSOL,Soft
7-32N4USAL7U,Soft
7-32MW33GNGR,Soft
7-32OTHE3R72,Soft
7-33FUNJB7YL,Soft
7-33HHJIHICG,Soft
7-3333QHROWT,Soft
7-334ZOMOJ3E,Soft
7-ZXNHOTJRN,Soft
7-3276HJ5E6Z,Soft
7-ZQEQKVZZA,Soft
7-ZQTVT5LUS,Soft
7-33JFZNB3OS,Soft
7-335WU6KNYQ,Soft
7-336QCNTW7K,Soft
7-337YNTJOWE,Soft
7-32THRKWB3X,Soft
7-32GEBASMA6,Soft
7-334K66FE4D,Soft
7-33L4ZYCRTM,Soft
7-33MLUVUZNM,Soft
7-32QJ7XSGQQ,Soft
7-32A5NF7HNL,Soft
7-32BVGD7EIB,Soft
7-33KL732AY3,Soft
7-33KWM2DHGT,Soft
7-33LWS4BFZ6,Soft
7-WPJ3DBOUA,Soft
7-WPUQG7GC2,Soft
7-326TZCTUM5,Soft
7-324MVIVEM7,Soft
7-32ALX2DRIY,Soft
7-32JGBUG4XN,Soft
7-3336J44KTW,Soft
7-32CYBNEVYX,Soft
7-32YZ44DXAD,Soft
7-332KJDZBCJ,Soft
7-32W44Q6UWE,Soft
7-33JL6GMM3Y,Soft
7-33L2V4KABK,Soft
7-XTGFFBR4E,Soft
7-333UUUBYRG,Soft
7-Z27MNZDPR,Soft
7-33A2OZ4HKI,Soft
7-33BMJILDLL,Soft
7-33CDXGTUNX,Soft
7-33IJ6C5MAP,Soft
7-32FMBPOPF4,Soft
7-336LRCHVCD,Soft
7-33OO564JDZ,Soft
7-YXRLOF5TN,Soft
7-33OET2FABB,Soft
7-32VTORHIKE,Soft
7-ZC6GQFNJ7,Soft
7-32XCAYQAWG,Soft
7-TWLFWNFTL,Soft
7-32G4EMTRBX,Soft
7-32HF77D5UU,Soft
7-32LRBUOOOM,Soft
7-Z5GCRGNUD,Soft
7-VAIEWX4GF,Soft
7-SDEFFE3M3,Soft
7-Y6YIH2LHP,Soft
7-XH67STMKN,Soft
7-3275KIQKWX,Soft
7-WSCKVZ4EO,Soft
7-334EIJERVB,Soft
7-334ZBEAK5C,Soft
7-32TOCAANGU,Soft
7-32VEYZ6TSA,Soft
7-336PMGCDKG,Soft
7-3336FZASVD,Soft
7-334Z7VTCQS,Soft
7-YBEVTAT4O,Soft
7-ZSJ2EE47G,Soft
7-32N2LF7QR6,Soft
7-32NGCZSF2F,Soft
7-ZZRE33BWO,Soft
7-33CEYC7PXE,Soft
7-33C54AOBJJ,Soft
7-33ECCXQ7OY,Soft
7-Y4LGLNP2G,Soft
7-XIW4M5PYY,Soft
7-Z7ESGIT3U,Soft
7-Y5JM6LJBM,Soft
7-YU7FCNKSC,Soft
7-YM6VLR56B,Soft
7-32TZV6KTF4,Soft
7-X4DU6G2CW,Soft
7-ZDOLDFYUE,Soft
7-32QIODCMJX,Soft
7-ZXVXVICNV,Soft
7-XQ2RVSM6H,Soft
7-ZJATTNYNU,Soft
7-VCHYOQFEL,Soft
7-32I7VZCKXN,Soft
7-32LA5BJ4QO,Soft
7-XTOZHRKHW,Soft
7-33KKKXMUU6,Soft
7-ZN55RAXDS,Soft
7-ZWCSMUGF5,Soft
7-32ORWU2VNW,Soft
7-32QFKYC3XY,Soft
7-33DW6JV5QW,Soft
7-33DWHLNSYJ,Soft
7-32QSXXY2WY,Soft
7-32ZKXIX3JB,Soft
7-ZR2ZE2Q6C,Soft
7-33CE3C5NLC,Soft
7-WO5R46UUF,Soft
7-ZC6X4HZ55,Soft
7-TNGHOK3H3,Soft
7-ZCJ2N45SN,Soft
7-XD626ONP2,Soft
7-32AXMQE6Y6,Soft
7-32TPYK667L,Soft
7-33B27XF2PL,Soft
7-33F6NKRVU3,Soft
7-OQCOLLQIK,Soft
7-33E7MLYJ77,Soft
7-XO2SEDQYN,Soft
7-Y44TUE2J6,Soft
7-XBD23GQX7,Soft
7-YMBNAADUE,Soft
7-XABISIS6W,Soft
7-32DYFZWCAO,Soft
7-32MGZZUSJA,Soft
7-YC24USPZJ,Soft
7-32VY6HJKCS,Soft
7-33AQVVHDAF,Soft
7-33BWWKKAJM,Soft
7-ZTS6NT627,Soft
7-33HJFZ377A,Soft
7-VVE7BBP5C,Soft
7-UM3EXH5CW,Soft
7-32X6I35RDK,Soft
7-3256GBHFOU,Soft
7-32Z4PA4BQO,Soft
7-33KWO7GD4N,Soft
7-32UKK34YEF,Soft
7-ZJBMIRQPV,Soft
7-332SM4ZUFV,Soft
7-32ANAS25WL,Soft
7-333KBVVLE5,Soft
7-336S2MYUG5,Soft
7-337ZVECGYW,Soft
7-32VZWIJ4LZ,Soft
7-33J5M4D3WG,Soft
7-33H2DWXPBY,Soft
7-33HTSY5RMZ,Soft
7-YASHW5SOE,Soft
7-32A4BBPV42,Soft
7-32CEOYICX7,Soft
7-YY2XMBTI2,Soft
7-32MZIIBRNU,Soft
7-32P2SI2XQY,Soft
7-ZAVQR2YPH,Soft
7-ZZG3H7FQD,Soft
7-ZNEPVFZ4O,Soft
7-ZZIMI3MTV,Soft
7-323MNAKUIL,Soft
7-323XEGGQ3N,Soft
7-ZQHZSCAGC,Soft
7-32CHGSJUHX,Soft
7-32G3VNZXBU,Soft
7-32H4XFADFG,Soft
7-ZX7UGM3XI,Soft
7-VU6KKDY5S,Soft
7-33MAIKGTE3,Soft
7-32TRZMQSLT,Soft
7-32UJNKAA4I,Soft
7-ZJA2VUEW5,Soft
7-WXHBI47TR,Soft
7-32NBGXLDTG,Soft
7-332KDFHP5T,Soft
7-32FECEVMAN,Soft
7-32FF7VEUPG,Soft
7-33OEEPTMRC,Soft
7-32G5J6XC4E,Soft
7-32YRFT4KY7,Soft
7-Y5INPFQXS,Soft
7-337QLLOI5V,Soft
7-33BFTFG5W2,Soft
7-33C4YDDT3A,Soft
7-32DL6MYM4R,Soft
7-32ROXF4D77,Soft
7-32EILO7I6M,Soft
7-32EKFZEIMW,Soft
7-32FH3IEEYC,Soft
7-X7FC3Z5UB,Soft
7-33ALQMAXK2,Soft
7-33BLPV2IAI,Soft
7-VIAZMKSGP,Soft
7-ZQYYKLW7Z,Soft
7-334EQUDJ7E,Soft
7-322QNGXFKX,Soft
7-ZWDLU55KL,Soft
7-32UIDI5MEV,Soft
7-33AET6LQHI,Soft
7-33C54C6HHI,Soft
7-32XZGJJ6PP,Soft
7-33IMVNNKTL,Soft
7-33IVBUE755,Soft
7-33JCVDLLE5,Soft
7-33KUM3Q2L6,Soft
7-333A7SY73A,Soft
7-333RDOAOMQ,Soft
7-334GZOGP6G,Soft
7-333GNGUK3R,Soft
7-33KDEHIUF6,Soft
7-33KGWNXY3S,Soft
7-33L3HZMKY3,Soft
7-33NMWIEUB2,Soft
7-33O5M6H6L2,Soft
7-33FX6EYXBY,Soft
7-33GXL6RKNY,Soft
7-33HN3UHA57,Soft
7-33IUDN23TE,Soft
7-32OPAVXDK6,Soft
7-32OUQ4CJBK,Soft
7-335BBA7FLB,Soft
7-33FDNRTAOU,Soft
7-326LLLFHDB,Soft
7-33G4KBZUH6,Soft
7-33H5GWCYO4,Soft
7-ZARGU65ZI,Soft
7-ZBQYBL2SW,Soft
7-32EBEW7KJT,Soft
7-33DFNIO7NJ,Soft
7-32FE5Y6AVA,Soft
7-33E55PGV2G,Soft
7-ZJ6BPOIW5,Soft
7-32W7FAFG3W,Soft
7-337Y732ID5,Soft
7-33ALGQBQOM,Soft
7-32XTI4IGRC,Soft
7-32GEXMUS2Y,Soft
7-YHTQUUP73,Soft
7-333EAZR2WK,Soft
7-33KDVJSB2X,Soft
7-323T5C6SBP,Soft
7-32YT6PTHIG,Soft
7-32X5JKKCBA,Soft
7-33ACIPX6YW,Soft
7-33BCSO7CID,Soft
7-33GRNL27NN,Soft
7-33HUNNRRLY,Soft
7-33HW73VXJ5,Soft
7-33M6CEC77A,Soft
7-33MI7ILFKW,Soft
7-33DL23KL46,Soft
7-32YYWG2HPN,Soft
7-33FWGTP2KS,Soft
7-33HTPXNKTB,Soft
7-ZRDC74MJP,Soft
7-VOD3ASHCI,Soft
7-WBFSDP2FI,Soft
7-Z7GQZHPG7,Soft
7-ZZ56XCOCA,Soft
7-ZZNAGICZF,Soft
7-ZXBYM6ZSX,Soft
7-32P7F242GH,Soft
7-32YOANYHHH,Soft
7-3363N4AYKM,Soft
7-336BOOU7YF,Soft
7-334JGUJ7GA,Soft
7-33CMTZJHV2,Soft
7-32AHHIENCS,Soft
7-333NFBHLGI,Soft
7-32Q6ZUXIH2,Soft
7-33MNKEKMBX,Soft
7-32W3S3LLX4,Soft
7-ZMKPTERED,Soft
7-333GEBCO5E,Soft
7-32GA45VWAW,Soft
7-32ID4DXT3S,Soft
7-32LQXYRAUI,Soft
7-32JCAV74GP,Soft
7-33ED7GJXEX,Soft
7-33FX6UJWCT,Soft
7-32O5QXAK6H,Soft
7-3354LBGS5R,Soft
7-33HGZ5RVTT,Soft
7-322SF37T2C,Soft
7-33HNPBIMNR,Soft
7-322SLRHAQK,Soft
7-325M5I7Q6X,Soft
7-326G6ZZOCD,Soft
7-333UVKEETM,Soft
7-ZUCBVRKEP,Soft
7-VNYXJDZQM,Soft
7-32N4RLAXDA,Soft
7-33GRZWYXJX,Soft
7-33J6W7SFTO,Soft
7-33KF3UNNDK,Soft
7-33KFN4BBQI,Soft
7-33N4JFEC63,Soft
7-33OSZZX74Y,Soft
7-Z3T7EXRPT,Soft
7-W2EWQOK54,Soft
7-32L43BVJLL,Soft
7-334KH7OEEY,Soft
7-32RONQLIWN,Soft
7-32HYZGEMQZ,Soft
7-ZRCVUIOC2,Soft
7-X6AXGNFPZ,Soft
7-32XKAZO2O3,Soft
7-32ZE7JKW4U,Soft
7-33H73H745C,Soft
7-33JG6HPI3H,Soft
7-33KEQ7CVVL,Soft
7-YCUPMWCJH,Soft
7-WZWEENZME,Soft
7-VQNJXQWPL,Soft
7-ZZC5PPEOZ,Soft
7-335CMAVZS4,Soft
7-YWLXZ2W7T,Soft
7-32XWQ6IHX4,Soft
7-ZBG5SHOL5,Soft
7-ZCYGFRJNF,Soft
7-YW6VRBSSC,Soft
7-33GUY3VX25,Soft
7-33KGWYXKXB,Soft
7-Z6O3PZRXC,Soft
7-ZR4JGMXVS,Soft
7-ZSKSWTIFU,Soft
7-32ITGYSSEN,Soft
7-336ZE4OUZQ,Soft
7-ZKDM2AZQN,Soft
7-32IZEML4PP,Soft
7-33B25HKHUW,Soft
7-X5SO4XPEA,Soft
7-33MOEN3IWY,Soft
7-33O6XWJ3FE,Soft
7-XMKF5QTXU,Soft
7-33JARQQZX7,Soft
7-32COP5VNUX,Soft
7-ZW4HSJBRE,Soft
7-32S5ABTHN5,Soft
7-33CMUZBDW6,Soft
7-33DOXWB546,Soft
7-33MK5JWI6W,Soft
7-33MRYSAWWJ,Soft
7-Y62RSKZMO,Soft
7-33E3FYPKKW,Soft
7-ZWO5MQ7LH,Soft
7-33F3HJO6CU,Soft
7-323NJRLQYE,Soft
7-332SJLR6KL,Soft
7-TSXFSGTBP,Soft
7-ZJ6UUCDTY,Soft
7-ZWCXBUEUC,Soft
7-32WYM26X72,Soft
7-32QHH2EF3M,Soft
7-32QIZWMPNU,Soft
7-32WC4SJNI6,Soft
7-32WZJZXBAV,Soft
7-32XJWQRFRM,Soft
7-323TBX24N6,Soft
7-33C56T6M7M,Soft
7-32QWC4CMXA,Soft
7-32JGC34PNA,Soft
7-32VRXXZYCB,Soft
7-33H6WHANB6,Soft
7-33HJECRGRH,Soft
7-XKU7PPBDT,Soft
7-XQVI55YNK,Soft
7-YI2II5PZQ,Soft
7-Z6SAD2CIL,Soft
7-ZW4DYGNSD,Soft
7-ZHH6MZQUP,Soft
7-ZHVPF474V,Soft
7-V6QT3W2OG,Soft
7-SQUIRYU4I,Soft
7-ZVMK5XXC4,Soft
7-33KU2IXDBS,Soft
7-32NIHVFZIP,Soft
7-32N2LCQ65K,Soft
7-333L36M5HN,Soft
7-3344PPAELR,Soft
7-32LQ3JLQCC,Soft
7-YZCUT4IYM,Soft
7-333D2AL36S,Soft
7-334LZTL6MU,Soft
7-334RF7JSEL,Soft
7-336M5CPPZH,Soft
7-ZQHW6CRCA,Soft
7-337SMKR7VL,Soft
7-33A4C5CXMU,Soft
7-33ADRJPWQG,Soft
7-33AESWGSSC,Soft
7-33ANFHC4KE,Soft
7-32VD4DGEPE,Soft
7-32CBZGBXUD,Soft
7-32VPCPLPPB,Soft
7-32MRNV22JJ,Soft
7-32CETTEAZ3,Soft
7-32CWZ4GH4B,Soft
7-32OAGYIPUZ,Soft
7-32PZ6MDA3I,Soft
7-33C56GC26U,Soft
7-33IUQPMC4Q,Soft
7-YNMMGLNW2,Soft
7-33KP6LAYME,Soft
7-325FI3F465,Soft
7-326LTJYT3A,Soft
7-3333334APQ,Soft
7-33AGE4PTWO,Soft
7-YR4IQFGXO,Soft
7-ZKX4FCXAJ,Soft
7-ZN5ZHQHLN,Soft
7-33HN54R7VB,Soft
7-336V2TDRSM,Soft
7-33JFYEV7WU,Soft
7-33AF46T2CR,Soft
7-33AMEQ5U55,Soft
7-33OH7PXPEX,Soft
7-WHPSINM2X,Soft
7-UNGG7OOLA,Soft
7-ZMZ5VPXFZ,Soft
7-33FP7YKJEG,Soft
7-ZVMJAP7GO,Soft
7-33G4G3ALXS,Soft
7-33CFL4TJ47,Soft
7-33JGITWAEU,Soft
7-33CMBDZNHW,Soft
7-33L6O3WMPL,Soft
7-ZLSS4VYKI,Soft
7-33MUZCKKI6,Soft
7-32JG3KTRWN,Soft
7-VJDVNOMBC,Soft
7-32JUK2BS4W,Soft
7-32W7XLGQRX,Soft
7-32WB3EZJFZ,Soft
7-XCVWE4LLO,Soft
7-32FYXGCIF3,Soft
7-32ZCO3RWSQ,Soft
7-333MBJZZ7P,Soft
7-336GKVRN64,Soft
7-3375LCJ2RA,Soft
7-33GU3N6TID,Soft
7-33HUXBVJUD,Soft
7-33IK2IXCTU,Soft
7-32B56BDNY4,Soft
7-325A4AT3QF,Soft
7-325MB4SYW4,Soft
7-32CGYG7FF3,Soft
7-326TZJH452,Soft
7-XLVX2XAEN,Soft
7-ZEIURMHFL,Soft
7-33FP7LCCIE,Soft
7-32RRTG3M3J,Soft
7-ZSKIYWIVT,Soft
7-32DYALGNVI,Soft
7-335X7V2HBH,Soft
7-33667W2O3C,Soft
7-337ZPEHSHU,Soft
7-ZXUVWZYAU,Soft
7-33AVCFYYIN,Soft
7-33F5TYI6ED,Soft
7-33MRYPEY4S,Soft
7-33O5SAAKOE,Soft
7-YESQ4J6XR,Soft
7-VDTOUI2Y3,Soft
7-327ANWBXPX,Soft
7-32CXKSFH3K,Soft
7-32VLFJXSDB,Soft
7-YEWVMFDSE,Soft
7-YT5KZPXDX,Soft
7-ZJ7TC6GOV,Soft
7-YZPWXLV2W,Soft
7-ZWBPP66R7,Soft
7-ZWCQXF62E,Soft
7-ZYZFUBDSV,Soft
7-32CWMVGRVU,Soft
7-WTL3HTIQQ,Soft
7-32HX22SFIN,Soft
7-ZGAA3245D,Soft
7-VXBU5TBVJ,Soft
7-VIZUSAKAY,Soft
7-YH3E5KBTU,Soft
7-33DC7A62QL,Soft
7-Z7HWS7OFN,Soft
7-33GTBMDOCH,Soft
7-WSAS3GY2P,Soft
7-33HSTUSDC3,Soft
7-33DIC2FRMM,Soft
7-33E2JQUGPW,Soft
7-324NBWTSPF,Soft
7-WXA5SJRSC,Soft
7-32LMBRN6ID,Soft
7-332IZ76LQZ,Soft
7-TYIK5YWMV,Soft
7-UAAZ76W2I,Soft
7-Z4ZVU7URY,Soft
7-32FNF5N5T3,Soft
7-32FR3QHWKZ,Soft
7-3366244WCO,Soft
7-33BUQ64QYD,Soft
7-32WAOK222E,Soft
7-32HHPRLX47,Soft
7-ZSJMJJ4ER,Soft
7-3334WZ4HNI,Soft
7-32PB6GYXNS,Soft
7-32C6O2UAOK,Soft
7-ZAVTDA6EH,Soft
7-32XSF2LXND,Soft
7-32Z2AEKOYS,Soft
7-332G7QUBIQ,Soft
7-323HBZID5G,Soft
7-YNNVZVRID,Soft
7-YOZL3MOVX,Soft
7-32LH566LXY,Soft
7-XMEGYUOLK,Soft
7-32WEJZW7CZ,Soft
7-32WYCUVCQ7,Soft
7-32XMEFCFVM,Soft
7-YNDGCXDWD,Soft
7-323UUBXLS3,Soft
7-ZKZTFYYTV,Soft
7-ZLBEKTFM4,Soft
7-YEYSH5COY,Soft
7-VZGQMLWHA,Soft
7-TVSKBQLHY,Soft
7-VOVHIHKBF,Soft
7-ZHIMUABIN,Soft
7-XRZ7QAA4N,Soft
7-ZHSIY3YEC,Soft
7-32XK2CUZCH,Soft
7-332ZOV2WXP,Soft
7-32JQZEOJGW,Soft
7-ZWEJCTMWV,Soft
7-ZXSEFBZYI,Soft
7-Z222XVJOW,Soft
7-Y5JRW6AAD,Soft
7-335ZJZOSD5,Soft
7-WUKBQECSU,Soft
7-33ILYR5WK6,Soft
7-32NHYB2EXU,Soft
7-33KWWXXELQ,Soft
7-UY56ML3BB,Soft
7-WJWFBWLZN,Soft
7-33DSHL3SVA,Soft
7-32VHTVGROV,Soft
7-33M44F6MMA,Soft
7-3354FDKNV2,Soft
7-XYI5BPZKP,Soft
7-VV654YQMY,Soft
7-33KBRBYZIV,Soft
7-ZT55CCEYH,Soft
7-33BVYKEU6Y,Soft
7-33E7BFJYKT,Soft
7-33EBJCBSWO,Soft
7-YG42CA7SX,Soft
7-Z7O2GW4ER,Soft
7-ZA5JUKY6T,Soft
7-XBUGMRZ3P,Soft
7-32JIZ4M3W4,Soft
7-3224W6HMTM,Soft
7-32MQ2RYIQX,Soft
7-ZJJX5HX3P,Soft
7-XYVQYFT6B,Soft
7-ZCORF2F45,Soft
7-32JYIBUXHY,Soft
7-32KTN6YRIO,Soft
7-XNCO26PNJ,Soft
7-ZT6KEADT6,Soft
7-ZWBXXNQ3X,Soft
7-32UC77RRPT,Soft
7-32VAOADEIM,Soft
7-ZSKFZA5UE,Soft
7-ZM3M77MC3,Soft
7-3246YBAYLX,Soft
7-33DCU7GEN6,Soft
7-32KO7ZHTFQ,Soft
7-32JITCCYXW,Soft
7-ZW4QOFCBJ,Soft
7-YT2LXP3BY,Soft
7-33A4JLA64E,Soft
7-32YW2B2MTB,Soft
7-33KENS5NJQ,Soft
7-Z5AFXIXJP,Soft
7-Z5FBTR6TJ,Soft
7-ZLWJABYNW,Soft
7-33ADEREVFU,Soft
7-33FTXONWTC,Soft
7-33FTZ6DP4L,Soft
7-32WBN3HFVF,Soft
7-32UC4MP432,Soft
7-327DETHHI4,Soft
7-32NIGLQPKX,Soft
7-32O4HDLD5W,Soft
7-33M4DGXBZF,Soft
7-32WBPBZLK2,Soft
7-33OGRYC6UF,Soft
7-ZTJTXZV7K,Soft
7-336SNFAQWJ,Soft
7-32ZVAF77EK,Soft
7-33BFMVDDUC,Soft
7-334LRU2XVL,Soft
7-33FCZOLCRH,Soft
7-334MMEDKVZ,Soft
7-32HNQ2P4J3,Soft
7-32HLPHV2R6,Soft
7-32K3QMM3QK,Soft
7-32L5M72PPB,Soft
7-33HUYK2XXX,Soft
7-33DCUBHCOJ,Soft
7-33E4BCCB6W,Soft
7-33EE2U2M2X,Soft
7-32L7QIK5CT,Soft
7-33MJFJCF3H,Soft
7-33HSV7T4MB,Soft
7-32CNYSPQFV,Soft
7-33INRAO522,Soft
7-33JFCOPCG5,Soft
7-XUHSFQILU,Soft
7-32I6O7SR2U,Soft
7-336HDJJZWH,Soft
7-336U7E27H2,Soft
7-33KNQFNAE5,Soft
7-YPRNVS2FC,Soft
7-ZOT55SMPG,Soft
7-32L5NYAZTH,Soft
7-32VLTVFDNR,Soft
7-334LVSQCKE,Soft
7-3363QSMQWS,Soft
7-323LNTBGLJ,Soft
7-ZAP3LATHM,Soft
7-32IYXCFH6K,Soft
7-32KRAHHKY2,Soft
7-32L5A77FJG,Soft
7-32MXBBQZWZ,Soft
7-32TLFB6RIK,Soft
7-XKX6GVOR5,Soft
7-32WAMBGNAF,Soft
7-32VVTF44TU,Soft
7-32XUK5Q2PJ,Soft
7-33CEOYYJ24,Soft
7-33KFAVEUDG,Soft
7-33KWAFZNRB,Soft
7-33M7V5D5PV,Soft
7-33OEME4QKN,Soft
7-33C6HF2P5I,Soft
7-32YQ2JA6MO,Soft
7-33OELJA3DN,Soft
7-33P2FXGTMH,Soft
7-ZHPXSZJWL,Soft
7-33HVB54765,Soft
7-33INSDX3NC,Soft
7-33LK3JT7KC,Soft
7-33HJKFQ4QT,Soft
7-336CLHNHJP,Soft
7-336EEJCYAS,Soft
7-33HNBPASIY,Soft
7-336VLXRPXG,Soft
7-33A64P5R7E,Soft
7-YGFFXCPLK,Soft
7-33M73J2UWM,Soft
7-YKEFSDPVN,Soft
7-32CEB7D2HV,Soft
7-ZDTGY2G45,Soft
7-33E4ESUVI4,Soft
7-ZPDLDFTTP,Soft
7-ZRAUFJ3YB,Soft
7-YQCPMQUXY,Soft
7-32FXVLEUQP,Soft
7-3255DQJXET,Soft
7-32A3TRIAEF,Soft
7-32AFGHHYFF,Soft
7-32ZEUYOU7M,Soft
7-332KMAJLOD,Soft
7-32ANIATFWQ,Soft
7-32Q6TKWFOF,Soft
7-334UVIJKUL,Soft
7-33FGVGBUWV,Soft
7-33H2AC66GG,Soft
7-32Y3EEE4I5,Soft
7-337UQLE6IF,Soft
7-33ANRFH5BS,Soft
7-33C5IAT5IU,Soft
7-33KNFHMNNP,Soft
7-33FJP7W5PP,Soft
7-33LGFIMDLZ,Soft
7-33HE6SXHTK,Soft
7-33IOTAU4DM,Soft
7-33J3VLZIAH,Soft
7-33L5K3OVLC,Soft
7-33OHLJN7VN,Soft
7-ZJ6C57IJP,Soft
7-YZYJ33IKJ,Soft
7-332PQUP4V2,Soft
7-333JWEAS6V,Soft
7-UPPEWEQ2E,Soft
7-336MBSX2XC,Soft
7-33ABYRUFEQ,Soft
7-33EAJHAWUS,Soft
7-33F5D45FPQ,Soft
7-33AM57UKSZ,Soft
7-33HJWUHBZQ,Soft
7-YIC7Q2KKX,Soft
7-32NIM6IKBE,Soft
7-ZJ6ODMVWN,Soft
7-ZL47NWXUX,Soft
7-V2VVWJIRI,Soft
7-SH5QA3ZTJ,Soft
7-337R2HSM33,Soft
7-33A4C2S2YI,Soft
7-323EWPULFE,Soft
7-VJ2JNGQYF,Soft
7-32ZR7KRBR2,Soft
7-3334Y6OO77,Soft
7-ZVWUIIOTO,Soft
7-33C2YAI6EF,Soft
7-32CU6XQQCJ,Soft
7-33OWRHVOR6,Soft
7-32DR2QAHDJ,Soft
7-32FUOVQCQI,Soft
7-33KVAMCMVC,Soft
7-YNVMVZACY,Soft
7-XAYSONLDS,Soft
7-VWSER3EZR,Soft
7-32GD3SZZQA,Soft
7-ZQZPFTL2R,Soft
7-326E7MXBFK,Soft
7-ZL3DCHYEZ,Soft
7-ZQHTXTAMK,Soft
7-32QIB3FOCJ,Soft
7-ZWJXMMZTL,Soft
7-336NSWGMCH,Soft
7-ZZRBHRCW5,Soft
7-ZE4IBZK4J,Soft
7-337U6UHG3M,Soft
7-33ABILM5A4,Soft
7-33ADCE7MJ2,Soft
7-ZEXDP4J7X,Soft
7-33745O5NAZ,Soft
7-337SFKDRM5,Soft
7-33I3YVE44Z,Soft
7-33IUYNSTWB,Soft
7-32JNUTAMNF,Soft
7-33OIHEOTQZ,Soft
7-33MKMMQSCW,Soft
7-Z37ASZIHT,Soft
7-3353UJKLD3,Soft
7-33OEAK3WOA,Soft
7-33NA3NHMNS,Soft
7-WZTXJUSO6,Soft
7-3232ZLMV6F,Soft
7-ZTTBH4QUQ,Soft
7-XDKFALWY3,Soft
7-YCTUKGYX5,Soft
7-32CCHY6NWW,Soft
7-ZLRLAEFTJ,Soft
7-XZXLQVTU3,Soft
7-32EGJTFBWK,Soft
7-33DC7DIJIL,Soft
7-33E56X3KYL,Soft
7-33EE7IDIWT,Soft
7-33G34ZM7FQ,Soft
7-Y5OXS73E5,Soft
7-VDRDPQP6T,Soft
7-33H65SFATL,Soft
7-33HQR6ZUYQ,Soft
7-UESSYWSAX,Soft
7-ZWAXTOTPB,Soft
7-VKD4SGC54,Soft
7-32QHPG7R4V,Soft
7-32CHYT6LNR,Soft
7-VGAG5J47X,Soft
7-33I42COIBO,Soft
7-ZUSOVT64Q,Soft
7-ZVKCBU5LH,Soft
7-33KLSJKRMU,Soft
7-V7YUF2LHG,Soft
7-3332N2QLV6,Soft
7-3354ZXY6NF,Soft
7-335FW3JFOB,Soft
7-33F6ZHB57Z,Soft
7-33FNNRWFLP,Soft
7-Y735SYTSD,Soft
7-ZQZLMPUCG,Soft
7-ZST2XX3TJ,Soft
7-YE2H47MBK,Soft
7-32FNFZQUCF,Soft
7-Z7BAVOB4Y,Soft
7-ZHGWZLFKZ,Soft
7-33L5ZOJOZ5,Soft
7-33L7DI7PI7,Soft
7-RSM4O5V24,Soft
7-ZBDGCAZAM,Soft
7-32HX3VQPJF,Soft
7-YQL76EKNV,Soft
7-YT3GCXSRV,Soft
7-ZLWZJSFK5,Soft
7-UBCZOSZ6K,Soft
7-32N4MQBU3O,Soft
7-32PYGMQZ6D,Soft
7-32Q56R4S7Z,Soft
7-ZWFSSRUPW,Soft
7-ZXBZFIKOX,Soft
7-33E4WBVDVF,Soft
7-XGM4XIUS3,Soft
7-ZQGCXNFAI,Soft
7-325HH5LPSP,Soft
7-YFARFWDV2,Soft
7-33FHMNO4W6,Soft
7-33HCAKGD3M,Soft
7-32VAF4THP6,Soft
7-32VEEKZXEJ,Soft
7-32BTST6SKJ,Soft
7-32HXFZ7T6V,Soft
7-32JEMXTGFW,Soft
7-32L7QHNZNS,Soft
7-322VDKWGS7,Soft
7-33JA5UTCHE,Soft
7-33KENDLBUI,Soft
7-33A47PUN6N,Soft
7-33CCHKAUW5,Soft
7-32UHI4FFKU,Soft
7-32VA7F45R3,Soft
7-32VQLF5J2J,Soft
7-WFIP6PVKY,Soft
7-WLYADINF6,Soft
7-YNETKM5JH,Soft
7-YJIMYFVPI,Soft
7-YN6XXL5PH,Soft
7-WMGNY5FEK,Soft
7-Y25KBLB55,Soft
7-333IZ73SQI,Soft
7-334TKUHOVF,Soft
7-YIJUC56P7,Soft
7-33L66FE5FW,Soft
7-332AHR737P,Soft
7-33MPUSFTCS,Soft
7-33N4JWNJWT,Soft
7-WMBSZMTF2,Soft
7-YSNFZP6SK,Soft
7-ZWM6BSDVS,Soft
7-ZXQ4MSJUA,Soft
7-336FPLQFQQ,Soft
7-YW3ZYVG44,Soft
7-ZSQ4QC46O,Soft
7-32HSWYF6PZ,Soft
7-YFYU7FCHB,Soft
7-YGDBN7LWY,Soft
7-32UCPFMTOF,Soft
7-33JKJGLFEB,Soft
7-33JILDMYI5,Soft
7-33OQ25OCT4,Soft
7-32MSWBKFXV,Soft
7-327EH6DJPW,Soft
7-YKDCQRRLP,Soft
7-32I6MBTW4C,Soft
7-WRUMIVY66,Soft
7-33LEAKOVMB,Soft
7-YWP3D5N3B,Soft
7-32ANXNDGKM,Soft
7-32DUFPXUAH,Soft
7-3354FZIVOV,Soft
7-3342E6MYOX,Soft
7-334LPI4LUE,Soft
7-32CG3ZRR2U,Soft
7-32EA63OCYZ,Soft
7-32P6PF5NLB,Soft
7-32QWPHKQTM,Soft
7-32SNRYNKLA,Soft
7-3256H6HYEL,Soft
7-32AN72C3VE,Soft
7-334LVIJ3Y5,Soft
7-32OQ33ZKXX,Soft
7-33DS4X4DKX,Soft
7-33EYBS5MRP,Soft
7-336FHELTBY,Soft
7-337SG5FVRK,Soft
7-337ZPPCKVB,Soft
7-32PVCHKTI5,Soft
7-32QPTZUPFK,Soft
7-326VDZ5YFY,Soft
7-WT5LG75NQ,Soft
7-33DMKAZOSL,Soft
7-3246YOVL5D,Soft
7-XGV5F3ISF,Soft
7-YL6XUUMXM,Soft
7-32QBU6FCQD,Soft
7-YO4F2RGLS,Soft
7-33H55FCID7,Soft
7-33HVJGUZOZ,Soft
7-33JHFPGDLN,Soft
7-32LIXGYEII,Soft
7-33DGFK5UFL,Soft
7-32KMYRA52B,Soft
7-326BSI7N7W,Soft
7-ZJ6T6PWIJ,Soft
7-ZRDMUC63Z,Soft
7-33L6KTLRRJ,Soft
7-YERTEVE64,Soft
7-33HF6XTY27,Soft
7-33J3EB6DO6,Soft
7-ZJS4XAIDH,Soft
7-WNHEHEERC,Soft
7-ZXV5FUY23,Soft
7-ZY2G2VYA6,Soft
7-32NJNJGOSE,Soft
7-32OSA75CYV,Soft
7-32QODGOHXL,Soft
7-32J2VXJ3EC,Soft
7-336BV4ISDF,Soft
7-ZQUHDLBMF,Soft
7-33JF67SFRY,Soft
7-32TTNQT7VQ,Soft
7-32VAFILWQX,Soft
7-326D47AGOW,Soft
7-32FRCEPWDL,Soft
7-32BUDI4Y2Q,Soft
7-33A4Y2HZQL,Soft
7-33E4MB7EFC,Soft
7-33FUJGJEMH,Soft
7-33GTEKDDBR,Soft
7-32ZCJK56M2,Soft
7-33LZ63WBNZ,Soft
7-33O74KHDSK,Soft
7-3233ZPSNBZ,Soft
7-YERMJGXVK,Soft
7-YGHE4W7NE,Soft
7-Z5LO2FRFG,Soft
7-33A4JQL5W5,Soft
7-33CN2ZS6NT,Soft
7-33HTHZAG4B,Soft
7-33IKZDNTH3,Soft
7-ZWCI3WHUB,Soft
7-322RQPUIMA,Soft
7-32IVR6TUTN,Soft
7-32ZKSUZVPD,Soft
7-333MOUGNHO,Soft
7-334KQOCU4N,Soft
7-33KTZGWZQS,Soft
7-33LUBRNWEA,Soft
7-32TVVXZFLC,Soft
7-326DTDSLIV,Soft
7-325AXW3DRV,Soft
7-32MMS3YKS5,Soft
7-33546J3LAX,Soft
7-335AYDMU4D,Soft
7-3362CKXUII,Soft
7-33F3GOO4QQ,Soft
7-32UAYQL4MA,Soft
7-N4H3E2Y2L,Soft
7-333GGGWJ57,Soft
7-334LQQ2YJB,Soft
7-YRO7BEEEN,Soft
7-335XAHBSDB,Soft
7-33HA6O4QZY,Soft
7-33HTY2O2ZV,Soft
7-33KVQIOWTI,Soft
7-335DNKAJ2V,Soft
7-33A7OKWJKF,Soft
7-33ADYBMKWJ,Soft
7-ZLCLLIDAD,Soft
7-33KFPPHOAS,Soft
7-33M2Z7HQA6,Soft
7-33KLA3OTHT,Soft
7-33MOFUIAAK,Soft
7-33N4VRPOG7,Soft
7-32CWFOAJ3S,Soft
7-33MZ2LHHVK,Soft
7-33OGM3WQZU,Soft
7-33OH4OH5HA,Soft
7-327ULCZQBB,Soft
7-33GO45F7LE,Soft
7-33HWDXLVED,Soft
7-ZRZBFZSPB,Soft
7-WK2BDKZBM,Soft
7-32GD7OQ4RI,Soft
7-32TNRZVDIC,Soft
7-32VCEGFKSU,Soft
7-32ALQKHKQO,Soft
7-32ANA2VVYP,Soft
7-32OYRR34XF,Soft
7-33ACXWKRAB,Soft
7-32LPHYCS3T,Soft
7-33JL62B3OX,Soft
7-33KNYPEGTD,Soft
7-33KPIXSXOV,Soft
7-33LFISDG2G,Soft
7-XKGJAE7N6,Soft
7-32XCN2O77T,Soft
7-335637S7JA,Soft
7-336T5BUPXV,Soft
7-33B27I4EKO,Soft
7-326NY4FPKK,Soft
7-XFHH6E7BQ,Soft
7-XKNSXDE4O,Soft
7-33DXQBFITG,Soft
7-33E4H7MWTA,Soft
7-ZXOKBU7V4,Soft
7-YNLC53A5Q,Soft
7-32NIY44UJP,Soft
7-335342OOB2,Soft
7-336BTJDQL5,Soft
7-ZIAV3SOJF,Soft
7-336BULBTPQ,Soft
7-336GO5CIWR,Soft
7-3375UK7DC2,Soft
7-33A5TJTQ3A,Soft
7-33BHZGA37R,Soft
7-33M74DRPTG,Soft
7-32W3QERO2S,Soft
7-32XSJLSW4F,Soft
7-ZJEBJW4PI,Soft
7-VFTWMHZYK,Soft
7-334AEXYTGW,Soft
7-335X7FF6C4,Soft
7-ZHFMXXHBQ,Soft
7-326LM7VPWR,Soft
7-33EZRLX4ZJ,Soft
7-33G3VAZ6TB,Soft
7-ZMQIMYICR,Soft
7-ZXCLP6B62,Soft
7-YM6DDJXTT,Soft
7-ZZTBYKRMD,Soft
7-33MVHCYC3Q,Soft
7-33NVXGJZNG,Soft
7-33OQSB6GUK,Soft
7-Z3I5ZRSNV,Soft
7-WVARTHMMV,Soft
7-YLGINVERU,Soft
7-323WV3PM3E,Soft
7-ZNGLBSEV2,Soft
7-332IYUUUL7,Soft
7-TT6GLTNSW,Soft
7-33CKUTIBUW,Soft
7-324NGQY4A4,Soft
7-32HNL2CAK3,Soft
7-33LEPLNDL6,Soft
7-32P24M6WAR,Soft
7-326IKQIOIV,Soft
7-33AWOH4CPQ,Soft
7-32L64BPWXP,Soft
7-326ILKKAAU,Soft
7-32LKGR6Q2F,Soft
7-32Y344EFZI,Soft
7-32MQIC5KP7,Soft
7-32N4L5IJ7G,Soft
7-33354ATFEY,Soft
7-32XYV6BA67,Soft
7-32VPD3XUTV,Soft
7-326ZNCCQ7J,Soft
7-YXMM5QI37,Soft
7-33AE3JQ2MV,Soft
7-33G3AT4QYH,Soft
7-33HUA5KGF5,Soft
7-33HVEB4TXS,Soft
7-33JA3GGHII,Soft
7-33JE2RWNDQ,Soft
7-ZK63RBHPH,Soft
7-32YS4RU3TT,Soft
7-ZMUCACDWV,Soft
7-32PXXCODBE,Soft
7-334EFHCJPX,Soft
7-32Q74PAPYS,Soft
7-33ALL3ZUYE,Soft
7-33FO5CDYO6,Soft
7-33GWF3WZ4G,Soft
7-33HUYNS3DO,Soft
7-336LGOMEKI,Soft
7-3373PGXTKN,Soft
7-33A4CGLMB4,Soft
7-33BKDUPFV4,Soft
7-UZOGRYVO3,Soft
7-ZIKXDNRVM,Soft
7-ZJFDIA66L,Soft
7-ZJVQ7CLGA,Soft
7-334VGGRVU6,Soft
7-T3NPI6EXO,Soft
7-YCP5ME7GT,Soft
7-W4OU37MPY,Soft
7-32G5TK5MWW,Soft
7-32CAHNQ4HQ,Soft
7-WNJYIKGPC,Soft
7-32HSCREXDH,Soft
7-32CFXOPZSP,Soft
7-32XQWJK3GK,Soft
7-32FPEFYCJX,Soft
7-32Y25IYMMX,Soft
7-ZXFRC5WF5,Soft
7-Y7C722ZO2,Soft
7-ZKX33NTDS,Soft
7-YEGXCK73U,Soft
7-33H7FFDBU5,Soft
7-33HMYVIO3U,Soft
7-ZVMQKAOUF,Soft
7-ZZNHJUEZZ,Soft
7-YSVGXUCW3,Soft
7-YV6L5POZN,Soft
7-33C4Z47BLX,Soft
7-ZD5ZNVQOV,Soft
7-33AOKODTJF,Soft
7-33H5H7KT45,Soft
7-33HSUEBP73,Soft
7-Z6XQC6AI6,Soft
7-ZUQAIFHTQ,Soft
7-ZUM2UNH3R,Soft
7-ZXPZPEFG7,Soft
7-Z3OXCDGP6,Soft
7-32EJFLAPX5,Soft
7-33JL75LXEQ,Soft
7-ZVKHGAHDD,Soft
7-32B7U2BFFH,Soft
7-33OK46BVPE,Soft
7-32G7RXQ6CI,Soft
7-WEZHTVGU6,Soft
7-336RBSQODX,Soft
7-33DCFZ5AMY,Soft
7-33HT7SM45Q,Soft
7-32QEULP3BD,Soft
7-X4F56EFSU,Soft
7-32KYKJU3KF,Soft
7-33H2N7KTJ3,Soft
7-VXODLBMTH,Soft
7-33J6FNVJP7,Soft
7-YWVOZRPK5,Soft
7-33J7Y6M3LP,Soft
7-32VKDT6Y3F,Soft
7-32WAFJ44NA,Soft
7-33DC67HWST,Soft
7-33F2IYXYY5,Soft
7-33FB5XMZCM,Soft
7-33FT4A7WHS,Soft
7-3253KEE7CV,Soft
7-ZUZHZ4SAD,Soft
7-33AJZ7AHJK,Soft
7-32C4FOZPZU,Soft
7-33AN3GCFMI,Soft
7-32RNZGJOID,Soft
7-33FP5BDF2C,Soft
7-324MTKMWMH,Soft
7-33H6DDIJBQ,Soft
7-33IWMD7FO7,Soft
7-ZPBBHUJ3O,Soft
7-327GBSWRMW,Soft
7-ZPHQ4QH54,Soft
7-325K6MOR5S,Soft
7-32OVHUZ3MR,Soft
7-WRZCKQXXI,Soft
7-ZR2GUSMMM,Soft
7-Y74TICRK4,Soft
7-326RXTYURM,Soft
7-32TLJ7VMXI,Soft
7-32V5J44K23,Soft
7-YK5FQFG4H,Soft
7-32HCNOXVVI,Soft
7-WQJIDD4XT,Soft
7-32AELA4I3S,Soft
7-33MVNG2G7N,Soft
7-33OXONMVEU,Soft
7-32XRTEUKJT,Soft
7-WYCHEV4N4,Soft
7-33OCXZJFBG,Soft
7-ZQJFNMS36,Soft
7-UJAPD7BO7,Soft
7-33IXUSYMCK,Soft
7-33KB7H5QBK,Soft
7-33L2EMYFN7,Soft
7-XZJWGTZU7,Soft
7-ZE2SCZBMZ,Soft
7-33CEUMYBOL,Soft
7-33DL3Y5INT,Soft
7-33DOM57ZEK,Soft
7-33ETNAP6SJ,Soft
7-33FVFGZARA,Soft
7-ZHII6A4V3,Soft
7-YEDEV4J7Z,Soft
7-YSPH5CNI6,Soft
7-ZWFVOIN5H,Soft
7-YP5U4NMTY,Soft
7-ZW7LIU4GO,Soft
7-32XSAE65O3,Soft
7-32364HZN72,Soft
7-ZWLXA3BWG,Soft
7-ZUP5Y3HBP,Soft
7-32ELZF6J2C,Soft
7-32LKAM2GBY,Soft
7-32G532HOCE,Soft
7-32I3QXD7SM,Soft
7-WX7YB3C2Z,Soft
7-33E6AHAHF7,Soft
7-ZRYFMAWZS,Soft
7-32W33IS2PX,Soft
7-33BZWEIIHS,Soft
7-33M4H5ZNJD,Soft
7-33DM3ZPVM6,Soft
7-33H4UMKEQ3,Soft
7-ZPKY5X5GM,Soft
7-ZS65QH75X,Soft
7-ZU37CIJZP,Soft
7-32FH5TUSEA,Soft
7-ZLIO4XUIR,Soft
7-334EBLL2CU,Soft
7-334FBOMWWD,Soft
7-334M45MAUH,Soft
7-ZSN3TAJLI,Soft
7-32CA26JF75,Soft
7-32BALR57CS,Soft
7-32EG7YK7G4,Soft
7-32EKVH5RYS,Soft
7-3363S2DLO5,Soft
7-33C4YQGA5F,Soft
7-32XM7BSEA3,Soft
7-33LGFRFCXI,Soft
7-32ZJT2TPGQ,Soft
7-33MNVAAYSR,Soft
7-333KMTQ5RG,Soft
7-33NDWHHBNP,Soft
7-33IIO5JPQH,Soft
7-33IOI6G6IZ,Soft
7-32QWXH6KD4,Soft
7-32EJ2ELQPM,Soft
7-3256BFVENR,Soft
7-336CETWYWI,Soft
7-33A6DZSRZL,Soft
7-325O5T4GYC,Soft
7-326TAVNX2R,Soft
7-32FI66NIMI,Soft
7-32BUSKBGER,Soft
7-YBDLAQR42,Soft
7-32PBT322KQ,Soft
7-32S4VBYL4J,Soft
7-32TRQUA37Q,Soft
7-3337PW7XCJ,Soft
7-32AO5V465M,Soft
7-333JRGKT73,Soft
7-333LFX6QF5,Soft
7-33JHJ65LII,Soft
7-33INSSCNHJ,Soft
7-33IVQ3N2JC,Soft
7-33EXZRL7LV,Soft
7-32BX3QSWNK,Soft
7-32HZWCKW5X,Soft
7-32X4IZ7SG2,Soft
7-33MVUKYZTG,Soft
7-33IXMQA6EW,Soft
7-33J5NPS25Y,Soft
7-33KGOIFU5V,Soft
7-33OSAF2YXN,Soft
7-RDBHBJLQR,Soft
7-33L2U3PA2V,Soft
7-33M6ER5Q3G,Soft
7-33N3BS74KG,Soft
7-33DSTWGVVH,Soft
7-33G5EL3KK5,Soft
7-33HSSRYGWH,Soft
7-33I54VWN7D,Soft
7-33J5MK6EZ7,Soft
7-33KBT6LMTA,Soft
7-32KS2IRKHT,Soft
7-32MHSY23S5,Soft
7-32X2NNSMPP,Soft
7-Z5QBH3BNA,Soft
7-33FYKF6KFU,Soft
7-33HO5RMC2Q,Soft
7-334QWX55YS,Soft
7-327H2N53C6,Soft
7-32B42XHPO6,Soft
7-32MJKYWESR,Soft
7-32CXBD7U7O,Soft
7-32DJQ2KL43,Soft
7-ZMPGRNU7F,Soft
7-ZN73GBG2J,Soft
7-W2U5UQYHI,Soft
7-ZSMQW2UHR,Soft
7-33OQCKVOQD,Soft
7-YCIYRIXIE,Soft
7-33L3DSTHLZ,Soft
7-33LHGH2DR5,Soft
7-ZIHRZNTWY,Soft
7-33J2FLVT4B,Soft
7-322U3MG3TI,Soft
7-32LP666RAV,Soft
7-32MOJSXS6O,Soft
7-33CIVH6QNH,Soft
7-33H5AZIZJX,Soft
7-33MEEEFFCG,Soft
7-32756ZLCXA,Soft
7-32XJYXI3UM,Soft
7-32Z2TTQQTG,Soft
7-32Z4BNFVBK,Soft
7-32XXVE7H7G,Soft
7-334B3CCQS7,Soft
7-33MYN4U2YU,Soft
7-33BV4VJSF3,Soft
7-33EGKRHKRL,Soft
7-VSMOWCK7P,Soft
7-335EKXM6M2,Soft
7-33FONAFGBZ,Soft
7-33AQJ7DQLW,Soft
7-ZXL5S73KW,Soft
7-33G3JVCLZK,Soft
7-33GVDH7AJX,Soft
7-33INRRWGPE,Soft
7-33IURDWQ6P,Soft
7-33J4FADCI6,Soft
7-32PF3NSTHF,Soft
7-32TN7UFKZX,Soft
7-32VATJQ23W,Soft
7-YLV7DU4Q6,Soft
7-33HV2BYGOZ,Soft
7-33HV5PRH4N,Soft
7-32LICFUC44,Soft
7-33JKQRXTEI,Soft
7-32LK6X4C3B,Soft
7-XAUKACLGL,Soft
7-YKDDQAQI2,Soft
7-32HRF5TDWE,Soft
7-33F3WRDKWA,Soft
7-326EWQOPDG,Soft
7-32BUYGUQA5,Soft
7-32O7KRWDAM,Soft
7-32PBGED23C,Soft
7-UP533URBE,Soft
7-32ZMCHE66J,Soft
7-33MQDIZCQ3,Soft
7-32ZNG42QJI,Soft
7-332R4TXZOW,Soft
7-ZTZ4TPB4V,Soft
7-33FZIHT7UF,Soft
7-33HJ2UYEYT,Soft
7-SRRCGT7MM,Soft
7-32Z6IBCDIW,Soft
7-334QH2FETP,Soft
7-33OAO4L4GQ,Soft
7-33OI3BMC5A,Soft
7-33ONCSFHL3,Soft
7-33P3O2UZBK,Soft
7-33LEZ4RSBU,Soft
7-32XYJJZ76R,Soft
7-32YRDH3VMT,Soft
7-3336EKA6I7,Soft
7-32A2VDOL3W,Soft
7-VJNCKCTUK,Soft
7-33AEDFBZB2,Soft
7-33C4ET377N,Soft
7-33J64TKJ7O,Soft
7-ZSM67RXET,Soft
7-32A7XVN6LN,Soft
7-32C7VEHGMY,Soft
7-32J5OWWKY6,Soft
7-33KTGDAYN4,Soft
7-33L2OENVFU,Soft
7-33LFKCK5UY,Soft
7-33M5WS35S3,Soft
7-33EAKCBSBS,Soft
7-33FOHOS32P,Soft
7-33FPDH4GNT,Soft
7-33H5YXOGXJ,Soft
7-33HCWPOMGM,Soft
7-32C755YVXF,Soft
7-32DTVHTKDV,Soft
7-32CAGIXXOO,Soft
7-32UDYWBT3D,Soft
7-32XQMEO5L7,Soft
7-33A3IECECD,Soft
7-33C3TSXXZQ,Soft
7-33MFO62BI6,Soft
7-336T6BC6U6,Soft
7-33IMOPUZN2,Soft
7-33M6IFS7NH,Soft
7-33OPH5QHEA,Soft
7-QRYXDSNJV,Soft
7-32JQP2MOSE,Soft
7-WSDAJCQLK,Soft
7-32ZCEFC5H5,Soft
7-XB64NPR4W,Soft
7-ZNCNSWBJP,Soft
7-YP5DOO2YB,Soft
7-Z7R6VTTCE,Soft
7-32OCF5RROT,Soft
7-ZHGVQ7V24,Soft
7-334KO5WKST,Soft
7-3354ALQQKY,Soft
7-33DFZYI4PZ,Soft
7-33JEU4ARYU,Soft
7-33JG3KIJ5O,Soft
7-33MOJ3QFU2,Soft
7-Y2SNDKWAP,Soft
7-33IWXF5DNV,Soft
7-33LEV7AX3T,Soft
7-ZC2KU55BT,Soft
7-YNLZ7X6IY,Soft
7-ZK5RGCIYR,Soft
7-33KRDRBXYJ,Soft
7-33KTXR6FUP,Soft
7-33O6EKSJDU,Soft
7-33OTG3BIIQ,Soft
7-ZYZSTHA5N,Soft
7-ZUBHMSDNV,Soft
7-ZBFLZYL3W,Soft
7-32YTINBHUY,Soft
7-32ZKN6WRCR,Soft
7-ZQDLBG2AG,Soft
7-ZQR56VGBB,Soft
7-32L7W4CQDY,Soft
7-32FE4SONMD,Soft
7-32GJ43MZ2N,Soft
7-ZRCKYMY7E,Soft
7-ZSLY6O77N,Soft
7-32TSE72EBF,Soft
7-32OAMR4WWD,Soft
7-ZD6L54RVL,Soft
7-33IXFZZQMX,Soft
7-33KFJSKYDR,Soft
7-32VK5RYHBF,Soft
7-ZWMBLFOTY,Soft
7-32AODXVPCO,Soft
7-33M4NM3YF4,Soft
7-ZZASSDD43,Soft
7-33MNPAKE4H,Soft
7-33DEQHX7J4,Soft
7-33OB5GEAFL,Soft
7-33DHJLDPYZ,Soft
7-33FJVYSMZQ,Soft
7-33ON73AEYN,Soft
7-YLU4VQICK,Soft
7-33G72CIML5,Soft
7-XLUPBT3U2,Soft
7-ZR77U6IUS,Soft
7-YY2BMLEOR,Soft
7-YWVYBEXXM,Soft
7-334JCFIBWU,Soft
7-YP4OIRWHA,Soft
7-336YWBIMBL,Soft
7-33E6KZO6PG,Soft
7-YD6RFO2K5,Soft
7-Z3ONJGCTW,Soft
7-ZOQQW62ZV,Soft
7-VORQTKF2J,Soft
7-32ZUFWRZ6F,Soft
7-333E5BBNUV,Soft
7-Z4XST5RSG,Soft
7-YREH4RADD,Soft
7-ZJN45UBKV,Soft
7-ZY42O36ZP,Soft
7-ZD6YAHGOJ,Soft
7-33DV2CUVY4,Soft
7-33FFSEX5XQ,Soft
7-324RV4X3SK,Soft
7-ZKDY7RDFE,Soft
7-32DWT57TAG,Soft
7-32OSFW32SK,Soft
7-32UMN6OLR2,Soft
7-33IKYGEZLJ,Soft
7-YZQQYENJS,Soft
7-32XEMZ2C4W,Soft
7-32XSIIMQO4,Soft
7-32ZIPZYBT5,Soft
7-XBO6G4ATL,Soft
7-33L6QP76DS,Soft
7-WVBKN36TM,Soft
7-Y7TRKW7KY,Soft
7-YX3L6TQJA,Soft
7-32A4SNRGJI,Soft
7-XBOHHM3KB,Soft
7-X3WUWK7W7,Soft
7-ZJVSHY5LB,Soft
7-32J5STB3BN,Soft
7-32KQQJ7CML,Soft
7-33AMB53M54,Soft
7-Z7KAJ26US,Soft
7-32JML4JKDB,Soft
7-ZN3OJLKKC,Soft
7-32UBLLRSZP,Soft
7-33BU6JIW6V,Soft
7-33CCOSD3MU,Soft
7-32B65H5BEQ,Soft
7-32ORCWHWEG,Soft
7-33H6RMMX5G,Soft
7-33JCKRS73I,Soft
7-33JCY37OUT,Soft
7-33KNFWCETI,Soft
7-32JGJSX4F7,Soft
7-32LIKTFB2X,Soft
7-33MECTBLQC,Soft
7-33CIMCL2I5,Soft
7-33L7DTCIK3,Soft
7-ZSSZBLRTH,Soft
7-33HG2A7SFR,Soft
7-33IU6OZ7JO,Soft
7-ZM3QMPTD6,Soft
7-32X2WWTP7B,Soft
7-33334OPTIU,Soft
7-333LBKEUVH,Soft
7-334NT2PLIK,Soft
7-TYC7TH6P6,Soft
7-33NVYJTY2S,Soft
7-33OWTGPOVF,Soft
7-XM7HMNHL5,Soft
7-33JK4WMHIB,Soft
7-XYQVUFKWV,Soft
7-32HNVX7W23,Soft
7-32LHCWJ4OY,Soft
7-336K6CH74L,Soft
7-YDEILBGWX,Soft
7-32ZJOXPX47,Soft
7-32ZKCV53OJ,Soft
7-324U5BTWHC,Soft
7-336BQTF5DK,Soft
7-33J65LZKAV,Soft
7-32KTOWC4DR,Soft
7-33KTQSZVK2,Soft
7-32MGRXGZNG,Soft
7-33LVOSUF4J,Soft
7-33ECMP3WD4,Soft
7-32VC6B4G53,Soft
7-32VZGYSU55,Soft
7-33OHKUXPVR,Soft
7-335WIBMXJO,Soft
7-33ALTK62Y3,Soft
7-YZCGD6BGB,Soft
7-ZZAWGQQ6X,Soft
7-X5TTPSDFE,Soft
7-Y3FVYOI5K,Soft
7-32XSJDFM3G,Soft
7-32YMUZXMA6,Soft
7-32ZD65KWXT,Soft
7-33DHS647K4,Soft
7-SB3EQTISL,Soft
7-XBGHXAPWR,Soft
7-3274S7F2WD,Soft
7-ZZAU5PVSY,Soft
7-ZZEL36H6W,Soft
7-YNEU2IHPE,Soft
7-YT3KOTF5J,Soft
7-WSZHWIYV4,Soft
7-33BLORPSN5,Soft
7-ZXIEL75BA,Soft
7-ZXU4HMPBH,Soft
7-Z3HL5UWFM,Soft
7-327GJAKUK3,Soft
7-32TYB5NPEO,Soft
7-32U7VRCH2F,Soft
7-32VBNDVCYX,Soft
7-32VNPRQFRM,Soft
7-333DMH56EN,Soft
7-336OWWGAB6,Soft
7-336REEWVAA,Soft
7-333JS3NROS,Soft
7-337SJ6HUAX,Soft
7-3367BS3GZF,Soft
7-33HFZRA4FV,Soft
7-33KEFHEYX5,Soft
7-33KMKWZLFN,Soft
7-33L3NAPH4Y,Soft
7-33IMQJNEW5,Soft
7-32CNQJZVVD,Soft
7-QX5V3CM67,Soft
7-33NWLHPWOP,Soft
7-33NYZIEKTU,Soft
7-334ZF2W4CQ,Soft
7-326RKDCDHR,Soft
7-YGEGL7LPO,Soft
7-337RXZBXC5,Soft
7-33AOVR3NRM,Soft
7-33ECOE7AQY,Soft
7-33FNLSR2ME,Soft
7-33FVP2TSIO,Soft
7-33A4TTSDAI,Soft
7-33AML7DF4X,Soft
7-33OMKPVXX6,Soft
7-33F5DDYNT4,Soft
7-33HAUT3HPW,Soft
7-33HKMQDZNM,Soft
7-YZMUHPIQO,Soft
7-WYSMM66U4,Soft
7-WZ7CX5QDA,Soft
7-X2QP6KR2E,Soft
7-32L5NXORTA,Soft
7-32MDP5ANT5,Soft
7-32MYFEEGFX,Soft
7-33DVODIEXL,Soft
7-32U5J7UVCO,Soft
7-ZIEJUFRQ4,Soft
7-32SK4YT2GB,Soft
7-337TYUZJVN,Soft
7-33OUOCJ74P,Soft
7-33DE6LPF7M,Soft
7-32OPWHZP7U,Soft
7-33JA2EKOT3,Soft
7-33JJVIEUJ4,Soft
7-32Q7TIHSGS,Soft
7-XSPZ2YEXX,Soft
7-32ANURQLVC,Soft
7-336JSINTTV,Soft
7-32RNW4JCH5,Soft
7-32CU723FGP,Soft
7-333MN3R3PB,Soft
7-33GRO7GD4O,Soft
7-32YUH5ZHIA,Soft
7-Z7A7AYMXJ,Soft
7-32WAU5NRQY,Soft
7-33MX5BQ7MZ,Soft
7-33OTLJ72NN,Soft
7-33LECAS5BT,Soft
7-33J53J7BKY,Soft
7-33KI4U7DTR,Soft
7-33MVZHNJ6G,Soft
7-33O5RN62YM,Soft
7-32Q2KRNN65,Soft
7-33DIG2L4BM,Soft
7-VKMFW2ITU,Soft
7-33DT5O5ZAO,Soft
7-33GSW7CXL2,Soft
7-33HW6T2GJ6,Soft
7-33EARIY5EQ,Soft
7-33EZERVLUJ,Soft
7-33GV6TV5OD,Soft
7-33HODK4REJ,Soft
7-33N5UKAARB,Soft
7-33NRTBKT3D,Soft
7-32XTM5SL65,Soft
7-32Y2YYHVE5,Soft
7-32MYKKWBHP,Soft
7-32N4PF2RNK,Soft
7-WF46WFF6B,Soft
7-32ZLJ7BAIL,Soft
7-333IXHBS6J,Soft
7-333NBB7LGA,Soft
7-YZCJKTF4I,Soft
7-33BJIDCQE5,Soft
7-32LKT7AZF5,Soft
7-32MQVBUYKC,Soft
7-32OJXOQKVX,Soft
7-32OWVXIY52,Soft
7-33MTT5PBUP,Soft
7-33BV7G6Q5B,Soft
7-XRXW6FH55,Soft
7-32W2KD3TMS,Soft
7-32XBZML7BV,Soft
7-32HVHFP3LN,Soft
7-YUINISWZJ,Soft
7-YPIMAXWOB,Soft
7-32G7FG4KIO,Soft
7-ZQKFLFVBA,Soft
7-32QXCSDDSC,Soft
7-33CEPGDITO,Soft
7-33DM7NZXUU,Soft
7-33O64TVHYF,Soft
7-32WTRI6MWW,Soft
7-32X5HH7LFB,Soft
7-32XMG3GNLX,Soft
7-32Q2JBS6VE,Soft
7-336CGDZASD,Soft
7-33M3GBE3FY,Soft
7-33NVGF4QRC,Soft
7-XO4RZRH2N,Soft
7-WZ5WWJMM4,Soft
7-33MWTMOHBD,Soft
7-YU5TXH5IX,Soft
7-YHTSDHZ5L,Soft
7-WBNBJHYZX,Soft
7-VCBR2O6JU,Soft
7-ZHFB4Q3SJ,Soft
7-ZHH3TB4MQ,Soft
7-YXJDSU7DR,Soft
7-33O3VBESQK,Soft
7-ZGDVT6NOM,Soft
7-3336ORYPAP,Soft
7-334R2PEN5X,Soft
7-ZG7TPBVJV,Soft
7-ZCS4PLMOS,Soft
7-YZRMR2LRF,Soft
7-333DILR4IQ,Soft
7-333JX654HQ,Soft
7-ZSSW46SQJ,Soft
7-ZJZ6YU7AX,Soft
7-33OE452GYY,Soft
7-32PBPJUT35,Soft
7-326Q5QEL32,Soft
7-32TLI5AAVJ,Soft
7-32YYPUC33I,Soft
7-336US3DHUC,Soft
7-33BXOLDSNT,Soft
7-32QBLW5ECU,Soft
7-32QQTYBHZ3,Soft
7-33CLA6ZQFX,Soft
7-32TH6HVBUC,Soft
7-33JA7T64FX,Soft
7-YT64UYVAB,Soft
7-33JN5DRN7E,Soft
7-33KNMMLDRP,Soft
7-337YBKSMNP,Soft
7-33ACEZRXWQ,Soft
7-33ACMBOSCB,Soft
7-32FUQA6BVG,Soft
7-335EEB7A5Z,Soft
7-32LGDNBMCW,Soft
7-33NV6HUUQT,Soft
7-32MGNRV7JL,Soft
7-334T556ROB,Soft
7-3355CKMNZS,Soft
7-336U2ZY3OE,Soft
7-32HHHN4LWG,Soft
7-ZYWKEAR6Z,Soft
7-33CNBXEX43,Soft
7-33DH24U5ES,Soft
7-33E74SP3E5,Soft
7-YASDRS7AP,Soft
7-YWLRUFX2D,Soft
7-YEYRKXIJL,Soft
7-WRTGMNSKZ,Soft
7-YSEW7CSGR,Soft
7-33FW6R7SOV,Soft
7-33G475IBEB,Soft
7-Z6LFIOMCB,Soft
7-33OE7OVDWU,Soft
7-ZKC4MHUCI,Soft
7-XGWUFYKAY,Soft
7-ZBGEHAIXJ,Soft
7-VUFMUQYP2,Soft
7-XD3HK5BLO,Soft
7-32DO2EFD5F,Soft
7-YBLDFD54N,Soft
7-33ALPRCIHI,Soft
7-33HVOLYL3M,Soft
7-33J2KDTZ2U,Soft
7-YO4TLNK6P,Soft
7-32ZF4H2EXR,Soft
7-33JG6TTTZZ,Soft
7-ZY2R26KOW,Soft
7-YTF5Q3EN7,Soft
7-ZM656FZMM,Soft
7-32JRSB5Q35,Soft
7-33ABNXULAH,Soft
7-33BNEF34AB,Soft
7-33BULZCSE7,Soft
7-32O4T7BV7A,Soft
7-32OBOI3CIU,Soft
7-32OJSSX6NF,Soft
7-32PZJETF3U,Soft
7-32KNFU3I6S,Soft
7-32Y2NQ2QRI,Soft
7-32MSETZPGY,Soft
7-3336J3E3VZ,Soft
7-334SYORKLS,Soft
7-33OAD52ZBV,Soft
7-33OE6UTYNE,Soft
7-33OEZ5TLTV,Soft
7-ZUHEANWS3,Soft
7-33OGD4PXL6,Soft
7-32E6H2RPFJ,Soft
7-32ZESLTSEV,Soft
7-ZS5GQHFQ6,Soft
7-ZNKM3W7VJ,Soft
7-ZNQVRDMYC,Soft
7-ZP2ZQOZDY,Soft
7-YZKCUR4I4,Soft
7-334AFX5BQE,Soft
7-ZZ2GRJHUM,Soft
7-32DNTDPTPT,Soft
7-336EPHLMNE,Soft
7-32DW7JALU4,Soft
7-ZUADVV6PP,Soft
7-ZW2MUZZ74,Soft
7-ZYEGHFS4S,Soft
7-ZAYOGSERS,Soft
7-ZWBSUOEVN,Soft
7-ZHFA3IZUO,Soft
7-ZWHIERA6E,Soft
7-ZXY6NWQYF,Soft
7-32ZRDWYEJ7,Soft
7-333MGNVTWK,Soft
7-3275MEQER6,Soft
7-333MOSSLS4,Soft
7-334C4IZST2,Soft
7-32L5AB7ZBU,Soft
7-32O5UP5UKT,Soft
7-32OFNDJT7D,Soft
7-33C6EGMKNE,Soft
7-33DTB62XQF,Soft
7-33DVPGMOTQ,Soft
7-33IZH6H7MF,Soft
7-33KBHI5VT6,Soft
7-33KE2WWPJY,Soft
7-33G5ILQBFG,Soft
7-33HOZHEYVR,Soft
7-YA26TEVDQ,Soft
7-325DRZDMQH,Soft
7-W4M6OQGEF,Soft
7-ZZOA2G7J7,Soft
7-32LKGPJQIZ,Soft
7-Z3XWX772B,Soft
7-ZNRRSJQJ7,Soft
7-32YTNADZN5,Soft
7-33BY5J2YFR,Soft
7-33DEWOMGKZ,Soft
7-Z54ZCL54D,Soft
7-335CZYVRHB,Soft
7-33MOGOWRUW,Soft
7-33HTMW7ZKB,Soft
7-33JLYUETTL,Soft
7-33L4EMTBTO,Soft
7-33M3WXCT5M,Soft
7-32QPVUTKKN,Soft
7-32I6IRZOMA,Soft
7-ZKBUWRTW4,Soft
7-33O7EU62XJ,Soft
7-33BWPGLSZA,Soft
7-ZLXPIXRNE,Soft
7-33G3FRKY35,Soft
7-ZZMMBL3PS,Soft
7-33GQV3S5ZN,Soft
7-33HQFZZBP3,Soft
7-336HB36HNG,Soft
7-33JKFP3E4A,Soft
7-33AFKHUCVT,Soft
7-32QJVSJRUE,Soft
7-XT66QNIYB,Soft
7-33OGAPBHLC,Soft
7-33OU6CKOZG,Soft
7-332TE2VG4U,Soft
7-3365AM2W5J,Soft
7-33EEPBEUXP,Soft
7-336DS33EGU,Soft
7-336KDBWY7H,Soft
7-33FK2O6FOQ,Soft
7-TMV3ZB66E,Soft
7-RZW6ABYLV,Soft
7-32BI7I2RKY,Soft
7-32BUOTRJVI,Soft
7-32NCI3SY6W,Soft
7-336I5QPRMC,Soft
7-32567OGPS4,Soft
7-326BJ4IYAR,Soft
7-326NEOZZXL,Soft
7-33JOVQ2A2T,Soft
7-327D3OD3CC,Soft
7-OR4YLFCVJ,Soft
7-32OYM4XI6E,Soft
7-336ROPS7P7,Soft
7-336TYBK25V,Soft
7-32OGRWY4EG,Soft
7-ZUE3YSEZW,Soft
7-33BU3Z7TRA,Soft
7-32I3GOYKCB,Soft
7-326HTSB5VJ,Soft
7-ZR3QQYFRF,Soft
7-334REVZTBW,Soft
7-335FXPM4G5,Soft
7-33ADWG2FSA,Soft
7-33L5EPTYII,Soft
7-33LEEQHITR,Soft
7-332RI4NP5X,Soft
7-33OOOW6EBD,Soft
7-32L5AAD7LU,Soft
7-VFTVVRY2N,Soft
7-33CJE4M4B3,Soft
7-32WBJFMLRN,Soft
7-32WYPUBGPB,Soft
7-33F4RJORNR,Soft
7-33FP4MNGQ6,Soft
7-32LHWZ6HUX,Soft
7-32LJJEYTIJ,Soft
7-32LR6WLWPH,Soft
7-33G2D5KS2K,Soft
7-3375L5GUZM,Soft
7-33ISI3TL5R,Soft
7-33EFKR2ZHO,Soft
7-ZVSSUMX6U,Soft
7-33FDLJUN5D,Soft
7-ZXML4ZOZ4,Soft
7-333CM2E3XE,Soft
7-33IUDP7EIU,Soft
7-33M63DHKPJ,Soft
7-33MHAQXXDX,Soft
7-327DXEMXYT,Soft
7-YR6VPEYSX,Soft
7-32XQYH4AT5,Soft
7-32XSWPE7NP,Soft
7-337M2HPWJ3,Soft
7-YZWU76EOU,Soft
7-32QMI5XDRI,Soft
7-ZXUBZTL55,Soft
7-VKD55JALO,Soft
7-VN2JVDVXY,Soft
7-33MZHWCUF4,Soft
7-33NNJWFWNT,Soft
7-ZJ5W76E2H,Soft
7-32373SWAZO,Soft
7-YLZQJCIKH,Soft
7-325NCLWJHT,Soft
7-323E4OPOBU,Soft
7-32VKRDKYQD,Soft
7-32EEV6QGV3,Soft
7-32S4VN3BQC,Soft
7-32VSGX3HP5,Soft
7-ZWCA5QIL4,Soft
7-32E6ZPWIPL,Soft
7-32G22MRPL5,Soft
7-32PYZVFDYP,Soft
7-33C53RBJ3F,Soft
7-33CAQDLDVD,Soft
7-XIP42BHLI,Soft
7-32RVFSK447,Soft
7-336DUVDNCN,Soft
7-326F43OIPI,Soft
7-336UGSZD3U,Soft
7-32EIIYLZEV,Soft
7-32CEZB7ZRK,Soft
7-32IUMFJH2C,Soft
7-336TNLUTD3,Soft
7-32IUAGY4NC,Soft
7-33DYNMX6UE,Soft
7-33EZEU6VCC,Soft
7-33F2NHGYTE,Soft
7-333FYKPZ4I,Soft
7-32TZXU42PN,Soft
7-334KSHMG7Y,Soft
7-32QJAKVCHW,Soft
7-33DWPC4NQO,Soft
7-33KY5GJINJ,Soft
7-33LXYOJ6IY,Soft
7-YYHTGV4WO,Soft
7-XO5KGBL6C,Soft
7-YZHOUY6JZ,Soft
7-YYGQQXB34,Soft
7-YTFT6G3SK,Soft
7-32XJRJL76L,Soft
7-Z57MZ7Y5O,Soft
7-323DI73TFE,Soft
7-VTNZFUTUC,Soft
7-33IWPN27XJ,Soft
7-ZJ6S7HZAM,Soft
7-33KGVCS2PT,Soft
7-33KW7G6XP6,Soft
7-33N6WAOOXM,Soft
7-33OMIVF4XW,Soft
7-32MSNY3FX3,Soft
7-X6FPNM6CB,Soft
7-ZP67JH7KZ,Soft
7-33OSUDXVHS,Soft
7-32XSWBHQOB,Soft
7-335N7WR7QJ,Soft
7-336LZJV2ES,Soft
7-ZLWIEMCHO,Soft
7-TNKBAPQ5A,Soft
7-YB62WY3YF,Soft
7-YNM4PS7VT,Soft
7-33AKRFJ2HS,Soft
7-TZIIJ4I4N,Soft
7-33AOLPEPZX,Soft
7-32ITOMMM26,Soft
7-YKSFGNNUE,Soft
7-33AMKGOFET,Soft
7-33E2KN5B3K,Soft
7-32PVN24BQR,Soft
7-332VH7AXFV,Soft
7-33BFZHZJFF,Soft
7-33DLTYACUG,Soft
7-33DOK4WJZH,Soft
7-33F255RYGK,Soft
7-33FONFB2SV,Soft
7-33FTWH56T6,Soft
7-33AR6UIZP5,Soft
7-32FVAMSPKN,Soft
7-32HIAUFOUB,Soft
7-33J5VE43R4,Soft
7-32TTBICM6B,Soft
7-Z4WPAFUZT,Soft
7-324MZO5PLP,Soft
7-33A2OMHPVP,Soft
7-33AGCFVAN3,Soft
7-33BW65EKT6,Soft
7-33C6LCUJDM,Soft
7-32XCSNJCXP,Soft
7-ZOKZ5W26Y,Soft
7-33DUTEZTR7,Soft
7-3367T6W2JV,Soft
7-33LILTGZDB,Soft
7-YXZ5R67AK,Soft
7-33OMCZWKOE,Soft
7-WVDIJU4AB,Soft
7-V3IXPRTUH,Soft
7-XGDXSH54M,Soft
7-32XSI5E533,Soft
7-XSXBZKXKM,Soft
7-33ECONUCGV,Soft
7-33FEYFDK5T,Soft
7-33FONVESYY,Soft
7-33E24Y75RD,Soft
7-33JF626OEH,Soft
7-32BVMROUX3,Soft
7-3236TAQKXX,Soft
7-323VPBQJSU,Soft
7-ZJ6U5TQM7,Soft
7-32LOBVTX4M,Soft
7-32OIUVWKM3,Soft
7-ZPTEPW7LR,Soft
7-32OOFUMGCW,Soft
7-YGJHRRQEL,Soft
7-YGSHDHRLU,Soft
7-ZCEUFYSH2,Soft
7-32UEML5JJM,Soft
7-337ZGTTT4H,Soft
7-33ASSDF7KB,Soft
7-ZSJJ4GKEJ,Soft
7-33L7Q3SHUR,Soft
7-ZYDJQ3KH6,Soft
7-VLDAGTRO6,Soft
7-334RD27LLO,Soft
7-336CJEONJJ,Soft
7-33NWQ336SI,Soft
7-33OE2RJ63A,Soft
7-YAPVVNGWI,Soft
7-Y5XR5VB52,Soft
7-YVUNR6RCA,Soft
7-XBD3W5BZU,Soft
7-YZH4PRDNS,Soft
7-Z7I3JEE3X,Soft
7-YZGBOG7GR,Soft
7-ZJIXVCIGZ,Soft
7-ZBFXUMO7K,Soft
7-332JM2XZTW,Soft
7-YR5SBUMOJ,Soft
7-33HLUBP7ZB,Soft
7-ZLSJ5RN2N,Soft
7-ZMDT4WCRY,Soft
7-32MSJNE5YU,Soft
7-3347WOZFI3,Soft
7-334LJ3P7Z5,Soft
7-334T5GUDW5,Soft
7-32U3UVVEGW,Soft
7-YN2ZBDUO5,Soft
7-YM4GEW6CM,Soft
7-YQIO4RKA6,Soft
7-32JLRNSSE3,Soft
7-32W2EI4A2Y,Soft
7-32XT3UJ6UI,Soft
7-YNTQHZDXO,Soft
7-ZLITJ7E5F,Soft
7-33ABHQLXO4,Soft
7-33CK2ZIQTA,Soft
7-YJS42VWEQ,Soft
7-WYE2AONSI,Soft
7-YIFOA2J5R,Soft
7-YHZ6AP32K,Soft
7-33GZ5IOLBH,Soft
7-3276GMSHTI,Soft
7-WNOLHQHWL,Soft
7-33MYHDDB2I,Soft
7-XNI7HXKRD,Soft
7-YEBGKX4NG,Soft
7-XBCZZ4BJE,Soft
7-32VPEV6RPB,Soft
7-32X4XDSDCB,Soft
7-33LWTBYPMT,Soft
7-XP565HJYT,Soft
7-32ZCROJYZN,Soft
7-33AFHPTOEN,Soft
7-WEZD2HCIO,Soft
7-32ZRJFK2GM,Soft
7-3332ZL2YKY,Soft
7-333H45DPHG,Soft
7-333JH7WWZK,Soft
7-YQLZZJ3WO,Soft
7-33KNMMNKFQ,Soft
7-322TYVPK3Q,Soft
7-33M7RH32JI,Soft
7-ZXMHYQMEC,Soft
7-ZFTTCWGEX,Soft
7-32HHIBSRRH,Soft
7-3226WN3V63,Soft
7-ZHIVRXPQ5,Soft
7-32XTALU27H,Soft
7-32LLYOTTML,Soft
7-332JGRWRE2,Soft
7-32NHIOEG6L,Soft
7-ZA6S4JLFN,Soft
7-ZNQTNCOD3,Soft
7-32WZ6B47WM,Soft
7-32X6U7YATW,Soft
7-32Y3DI5EO4,Soft
7-Z7POVIDF5,Soft
7-VEZUSFQWZ,Soft
7-32B6HU7ZZU,Soft
7-33MTQDJPNV,Soft
7-33MWPMCWKY,Soft
7-VBT2QXRCM,Soft
7-YLNEHOD6D,Soft
7-YWLSP5UYX,Soft
7-WIOU7YN6R,Soft
7-YY5Q7SUUT,Soft
7-Z3DR3ONXJ,Soft
7-XBD2337DU,Soft
7-XTGH3WX7U,Soft
7-ZHFLBSILT,Soft
7-33MQB3HSGD,Soft
7-ZYGBQWLGN,Soft
7-Y3RMZLSRH,Soft
7-32WEZ3CQCA,Soft
7-XDF6SEFWS,Soft
7-336RYBQURB,Soft
7-33ACLWWPF3,Soft
7-Z5NWE5FK4,Soft
7-32YW632SPS,Soft
7-ZMPMRK6HO,Soft
7-32GDWJO7NE,Soft
7-33M2UDOYEL,Soft
7-32NHQLCYNM,Soft
7-32HGOZ75AS,Soft
7-32HSXYWPJE,Soft
7-32GDJ64OBH,Soft
7-32GSUIPSRV,Soft
7-32B73DXTBW,Soft
7-32ON37SOE4,Soft
7-33DSQLJ5JG,Soft
7-32P2PQ3RFZ,Soft
7-32QUVATIUT,Soft
7-33KEBXL56R,Soft
7-YGLDWIDOK,Soft
7-334XWORLD5,Soft
7-ZSF7WP4KF,Soft
7-33L5GNVIQY,Soft
7-332SJ74XJJ,Soft
7-32CNVQHWBJ,Soft
7-33JG2F476P,Soft
7-33KX5PO37F,Soft
7-32ZBI7JGZR,Soft
7-33OD6EI2R6,Soft
7-33LC4ZJLRP,Soft
7-33OPWOUZBZ,Soft
7-ZB7WYOJNN,Soft
7-32XOXOEWZB,Soft
7-32XUEYOGOW,Soft
7-32XY4RBV77,Soft
7-337UAGPDBZ,Soft
7-3255K3CJ2Q,Soft
7-33DLWN2ZO2,Soft
7-VRGUHLOWB,Soft
7-Z6N732AA5,Soft
7-Z6X44MCZU,Soft
7-ZS5EX3NCU,Soft
7-ZSRX2L5C5,Soft
7-32KWJ72XHN,Soft
7-32C6UWFUZE,Soft
7-322T5BMU6V,Soft
7-32LOCXLRE7,Soft
7-32CFNVOBFP,Soft
7-ZGDWI4NR3,Soft
7-ZGGI42ZXE,Soft
7-ZUN6DFEDN,Soft
7-ZUNDF3IAI,Soft
7-33LELLFPOA,Soft
7-32EQWS3CS6,Soft
7-WU33HKKCC,Soft
7-33C3HJ4LNT,Soft
7-33DYAGSTLS,Soft
7-32FYIIF2UM,Soft
7-ZCC7NEHI4,Soft
7-32YRACPB2Y,Soft
7-336DHN5QCQ,Soft
7-ZEGWJFT7I,Soft
7-336EEC7VWE,Soft
7-WWVYQCKGS,Soft
7-336SV556RY,Soft
7-32N6O6NA7E,Soft
7-XKQWSIB5K,Soft
7-ZJ5UIKTCT,Soft
7-33DCC4662I,Soft
7-33DR3HZW64,Soft
7-33EGPDNAC4,Soft
7-33F5PYKKQV,Soft
7-33JH5ERECS,Soft
7-33M6HUQCZQ,Soft
7-33M6VF2BL7,Soft
7-ZSR43A3YY,Soft
7-Y5LDLVCNC,Soft
7-3233O4NQBY,Soft
7-323JPXFSLH,Soft
7-ZST5CDDAP,Soft
7-ZPDXNNAGE,Soft
7-ZMX6JVCK7,Soft
7-32TGMTLTTT,Soft
7-32VYMIGGXS,Soft
7-32Z3LYDVLR,Soft
7-332VIR2MK7,Soft
7-3353N6GRL7,Soft
7-Y3PNS64NG,Soft
7-32FN3JTKPO,Soft
7-32E6SXZGVZ,Soft
7-32EIIM4CPB,Soft
7-32F7FAFJDR,Soft
7-VVZXTI5OG,Soft
7-WEZFZM2GC,Soft
7-33CCLPPK75,Soft
7-33DCBUPR3K,Soft
7-Z3WZR2MGV,Soft
7-ZTOUW3T5G,Soft
7-32V6NO7ULJ,Soft
7-3373MO6UBI,Soft
7-TD67FG6HM,Soft
7-32JNBUQZYY,Soft
7-33BUHEFMXI,Soft
7-332VNQDI2N,Soft
7-333L3MBIXJ,Soft
7-334NFJHIPI,Soft
7-336NOQCHDR,Soft
7-336XMINFU5,Soft
7-33A5SNBXSY,Soft
7-33AKQAQHQ6,Soft
7-332QRLYX4N,Soft
7-323JXDRVQT,Soft
7-ZLX5MRZ6K,Soft
7-33HSTV2QAM,Soft
7-32EIPMB3AC,Soft
7-ZSSJ7AYGW,Soft
7-32ILEEYNVC,Soft
7-32KDXWTJHN,Soft
7-326KHPV7IH,Soft
7-32QFKHDEGP,Soft
7-32QG6OGLBF,Soft
7-3373KA54JH,Soft
7-32XBY36752,Soft
7-YWHVOQ7BO,Soft
7-325HK64HJ5,Soft
7-325N4ZEOUJ,Soft
7-326INQXQZP,Soft
7-32A35NUZ5G,Soft
7-ZAIIN7SVL,Soft
7-33INIMKIGK,Soft
7-ZEAPKSFTQ,Soft
7-32RYHQJQNW,Soft
7-ZIC2PVSU6,Soft
7-ZY6B5EIQ6,Soft
7-WWVY4VUIZ,Soft
7-33CL56K4FH,Soft
7-33CMYKFW53,Soft
7-32TH3YIPLD,Soft
7-32TTAVHNKO,Soft
7-32S575TVLQ,Soft
7-32KNP6IOUK,Soft
7-YIEU5MSNN,Soft
7-3276MONYDO,Soft
7-326GZOL37Y,Soft
7-YV6KGPMID,Soft
7-YU5TPTZ3W,Soft
7-YUKWUC5BZ,Soft
7-32A2TODOAR,Soft
7-32CMQ25DAW,Soft
7-33DLFJYD4T,Soft
7-33DRSXTKVP,Soft
7-33F2ZV6627,Soft
7-32Z465ZMQ2,Soft
7-33F3A2V274,Soft
7-32ZQBBPNYF,Soft
7-33FVHN2RE6,Soft
7-333GNZVMM4,Soft
7-334J66SZCI,Soft
7-XBU3QBMG3,Soft
7-33BVJ2YXM3,Soft
7-33DLW4PWOB,Soft
7-33FFKRP2YD,Soft
7-33OMKB4LIL,Soft
7-YBO6KDYFY,Soft
7-33GTFB23SK,Soft
7-YCYCQQCJJ,Soft
7-33ILNZJ6UQ,Soft
7-32WWK2WY6Q,Soft
7-32GDUZSPWQ,Soft
7-32HQO4QZ43,Soft
7-WYHHNU2ZA,Soft
7-33JJV6NZCI,Soft
7-33KWX75TU7,Soft
7-33M3JYSD6J,Soft
7-32QJBO3I5D,Soft
7-ZWEUXO5LJ,Soft
7-32RWS7VRE4,Soft
7-32YRH2T7NW,Soft
7-32GCT6SRK6,Soft
7-323KQIMJHV,Soft
7-33JDR6POQ3,Soft
7-33FEXFWARY,Soft
7-33FPBI5S44,Soft
7-33G4VUN6JL,Soft
7-Y2DEHPDYI,Soft
7-33H4TZME3H,Soft
7-YW5Z75GZF,Soft
7-33INLKYCPZ,Soft
7-325KPD72KD,Soft
7-32N6D3AJ77,Soft
7-32PCBH564Q,Soft
7-ZJFI3KNRA,Soft
7-32OHVHPCQU,Soft
7-32QKMWVOLN,Soft
7-32TLGV6FB4,Soft
7-33M6PUVMBF,Soft
7-UAKKMQ2TB,Soft
7-32JXD252JO,Soft
7-UOEEVC44H,Soft
7-32UKHTMP6O,Soft
7-334HZNAC5R,Soft
7-33IXOOAC2X,Soft
7-32OYEPM2EN,Soft
7-33774PXTTI,Soft
7-32OZLVMWU6,Soft
7-33OHQJWLLN,Soft
7-33OPECT77L,Soft
7-3253WLFMQO,Soft
7-33HLTTPV2C,Soft
7-UHJIOQCPP,Soft
7-32OQFRXMSD,Soft
7-326ON2QZUL,Soft
7-326OPTSKKY,Soft
7-32WCZU6CVS,Soft
7-32XQ5JQGCG,Soft
7-YUJWYEJNL,Soft
7-QKWSA5VZA,Soft
7-334SR5EES5,Soft
7-ZBDGBERBI,Soft
7-33HBAUKD2D,Soft
7-UQV5ELV7A,Soft
7-ZG4YYKGHI,Soft
7-ZNLCNEJDW,Soft
7-ZOKQH4OMA,Soft
7-WMG3GQ6KQ,Soft
7-3354ZE3HGK,Soft
7-33E56DGRWH,Soft
7-33GWFUAGDG,Soft
7-32A4WJ6PFX,Soft
7-32CYCQ2B3N,Soft
7-W6JSR4DWG,Soft
7-YXLHD5GVE,Soft
7-XBCZMRDBQ,Soft
7-YBQYNLKYK,Soft
7-332GQOCFVG,Soft
7-33F5VB2NYN,Soft
7-UJHIIIDXT,Soft
7-33HXEMLLDP,Soft
7-YXUBSC5EV,Soft
7-33FLTSVAUX,Soft
7-33ITAITS45,Soft
7-334DUP3TOD,Soft
7-ZHIY3Y7AA,Soft
7-ZFNVS42QM,Soft
7-ZWCAOTKBI,Soft
7-32TV3M6WX2,Soft
7-33E6LZAAMS,Soft
7-33CD5AKFRM,Soft
7-YD6SJ6IVB,Soft
7-33L5YXHJ62,Soft
7-33LEVR75XF,Soft
7-33MZU6KZXV,Soft
7-33NDJCKXT7,Soft
7-YV5VD6NX3,Soft
7-VODH24UGD,Soft
7-337TSI4LXM,Soft
7-33AEJGKOHE,Soft
7-33CINHNHSJ,Soft
7-33KKDSMIU5,Soft
7-TAKAYXFEO,Soft
7-YDJBZVMXT,Soft
7-ZD6RTGW5X,Soft
7-WDWVP7JXO,Soft
7-SQ6PBEBJU,Soft
7-X7742TRFN,Soft
7-323FOGCHQL,Soft
7-324F3HDFDG,Soft
7-32B3ZFAG4K,Soft
7-33H7F3BFYM,Soft
7-32P7L7ANLS,Soft
7-33IVAAAAT4,Soft
7-33J7ZEZ6P3,Soft
7-32SCDBDQUX,Soft
7-32W63Q3NHS,Soft
7-32NGRQO72K,Soft
7-32XYMK6DEO,Soft
7-33KELVGM5G,Soft
7-33FKB5B5XJ,Soft
7-TNCO5WOV4,Soft
7-33JMDADOZQ,Soft
7-33KLBDZT7V,Soft
7-Z3MC56EYD,Soft
7-33KN7JG2FJ,Soft
7-33KTDDHZ6Z,Soft
7-33LENMNVYG,Soft
7-33MWUAFOWO,Soft
7-33M6DAFAAB,Soft
7-ZCWKTXQ7O,Soft
7-33OBWNA4C7,Soft
7-32VVZDEZSG,Soft
7-33CELDIBHZ,Soft
7-33AM7YRE5J,Soft
7-326OCTNZ4W,Soft
7-WGZCUF76R,Soft
7-WBUAZTWOK,Soft
7-32DU4NCZX2,Soft
7-33KH2SLDRD,Soft
7-33M3YBFP4Y,Soft
7-ZTOTW4IOP,Soft
7-33NSLNGBJI,Soft
7-32QGTPLTER,Soft
7-32QHH5EPI2,Soft
7-XNHKDODY3,Soft
7-YYLSMSJS6,Soft
7-WOGCWFO3O,Soft
7-YEVZBO3YH,Soft
7-YVTEIK3I3,Soft
7-32BVJMXQRQ,Soft
7-32N4NWLE26,Soft
7-ZXIQOOQ6G,Soft
7-XBD22PZYO,Soft
7-32LILMY5TO,Soft
7-336DLNSLZA,Soft
7-335ZX4MSE7,Soft
7-336T2BWKDJ,Soft
7-33FFO2UY7T,Soft
7-33FHQLKAXZ,Soft
7-33FQQNBZSD,Soft
7-33H3DDC7IC,Soft
7-33HAU2SCSN,Soft
7-33IX2FT4BB,Soft
7-3233ZXOKTS,Soft
7-323EBRJENN,Soft
7-ZDTFJC2Q7,Soft
7-ZR6W53MNE,Soft
7-ZZURQXO7R,Soft
7-3336MPHHN6,Soft
7-336H4SUNDQ,Soft
7-33AEQB2JID,Soft
7-32ZDJV4H63,Soft
7-YIC3DHCQQ,Soft
7-ZI6SIO6VX,Soft
7-WOVS4X26Q,Soft
7-323FERGIAX,Soft
7-32QKQONNMS,Soft
7-32RNUFQHAA,Soft
7-32U36YHDXM,Soft
7-ZM2VW7FSZ,Soft
7-33H3KVLLA2,Soft
7-ZOHFUDBQ3,Soft
7-33HE5HH5PN,Soft
7-33KEGAPXIK,Soft
7-336LMPW5CW,Soft
7-32I2Z6JW3A,Soft
7-32JCIPXN6I,Soft
7-33BKL7AP6F,Soft
7-32DV2IOFQU,Soft
7-32FSMP324V,Soft
7-33E75BX2YX,Soft
7-32HGBESI3S,Soft
7-32HJETBDEY,Soft
7-XH4PAQYRN,Soft
7-32SIUL2GIE,Soft
7-32VRLM4O6J,Soft
7-XLVRULUN3,Soft
7-33A4GWFUOK,Soft
7-ZAYMHM4JD,Soft
7-33BP3FOD5K,Soft
7-32DMHIETZP,Soft
7-32EBXPTNZD,Soft
7-32FEAKH44X,Soft
7-32DQ7SDWHT,Soft
7-XRNCFJA5I,Soft
7-ZKYC27VUT,Soft
7-32CERNWO4S,Soft
7-33FW5YQX75,Soft
7-335EGXDGAN,Soft
7-33647TRRWH,Soft
7-32FEDFUIOT,Soft
7-YXZ6RL7X4,Soft
7-32WBN7DQUX,Soft
7-33BP3L6BKQ,Soft
7-32XRNX5H46,Soft
7-33H6KVEUZE,Soft
7-33J3KBJ5ZI,Soft
7-32OK4ETHKM,Soft
7-ZZMIRHNZV,Soft
7-33FVQGRBQ7,Soft
7-33JKGQGS3C,Soft
7-YGAZG4ZNL,Soft
7-ZW4EWAAXI,Soft
7-32CUS7XIP7,Soft
7-Z7GAROW4B,Soft
7-ZAPOUNB3R,Soft
7-ZAYE62GW3,Soft
7-XFOOBU6T4,Soft
7-3273Q4QABC,Soft
7-33DOBPZWTG,Soft
7-WVECPSNGX,Soft
7-32VL5XGDA5,Soft
7-ZOZ7Q6DTH,Soft
7-337RFKWUTB,Soft
7-33DKGWRTPA,Soft
7-33H3OLFPRO,Soft
7-33M6RWCJ2D,Soft
7-32CN6AIXQJ,Soft
7-33MFUED266,Soft
7-32YTKTG5LT,Soft
7-32YYR77MFM,Soft
7-33J63J5EVU,Soft
7-33JA5CACZP,Soft
7-33I546F6DK,Soft
7-336FL63C3A,Soft
7-33JAVEPJ4A,Soft
7-32HDSPEKNX,Soft
7-332N5FKDSM,Soft
7-33HGS5ZKOO,Soft
7-VWSEELKHA,Soft
7-32UCC3YU42,Soft
7-XUOMTP4EH,Soft
7-332SY44AQG,Soft
7-334NWVA7NM,Soft
7-33L2T32NIM,Soft
7-33MJCQSMPR,Soft
7-33OTRNY5C7,Soft
7-336U2ZUJTD,Soft
7-336X3NYSA6,Soft
7-3375KVAXNR,Soft
7-ZG7RBKLID,Soft
7-ZGPVTSHDQ,Soft
7-ZSVLD22NG,Soft
7-33J3HVKOER,Soft
7-Z6LEZR33Z,Soft
7-ZGSFUNVEV,Soft
7-32W7X2JB3K,Soft
7-324XZGH2FR,Soft
7-3237TCUMCK,Soft
7-33NWSFRX6M,Soft
7-33OOEBCTHB,Soft
7-33OQ2Q73TG,Soft
7-ZW3OBQMMF,Soft
7-WUKUFARQZ,Soft
7-336KMVVNQU,Soft
7-XMGYQMAI4,Soft
7-XNJS4C3PI,Soft
7-ZPLZZXTRH,Soft
7-32HWYVC26B,Soft
7-32XLZ2KQ22,Soft
7-ZW65SJYAT,Soft
7-32WDTZMEJ2,Soft
7-VXGAUZUUW,Soft
7-XQ6SE3YRI,Soft
7-Z6RM66TSQ,Soft
7-32WVCVVM6O,Soft
7-ZJ6K4OQRN,Soft
7-ZXMRUBGDL,Soft
7-33G3WOZMNV,Soft
7-33HHKLHIEC,Soft
7-X4U26SHWI,Soft
7-33KTEFCWQV,Soft
7-327BEENZNS,Soft
7-32EFIDAMPV,Soft
7-32XZBDDHJC,Soft
7-YIIAAAXTS,Soft
7-WF7EUTG4V,Soft
7-32A7O45QBS,Soft
7-ZWDW6CNNK,Soft
7-326S4LZHMB,Soft
7-Z3WMJV4ED,Soft
7-32PZ6NNM2Q,Soft
7-32HLTQAESA,Soft
7-32IVOSOLPM,Soft
7-32JGKJTS3H,Soft
7-WSVQOSJLW,Soft
7-ZOUATPKMU,Soft
7-YXZ6CKNZR,Soft
7-33ALVRNWPZ,Soft
7-33BN6UYG2W,Soft
7-X32H4HRPQ,Soft
7-33MPVQDYL6,Soft
7-32MMEADZMV,Soft
7-32VMCXUHD5,Soft
7-32W3FDVAZS,Soft
7-YZRQF2RWG,Soft
7-ZR5B6RFWN,Soft
7-32OSU7ICRG,Soft
7-33F5LZPWQM,Soft
7-33F6OBPJ2M,Soft
7-32YZMB5KD7,Soft
7-33KUQ2ITCA,Soft
7-33ISJWWD35,Soft
7-33FYJV5CHF,Soft
7-33JFRKXCKG,Soft
7-33JKCQMYEK,Soft
7-33JNBMQJCC,Soft
7-32XMKOOU3A,Soft
7-32ZDO3WMDU,Soft
7-ZNKVZVMAC,Soft
7-RUUTBFOUK,Soft
7-PN77Z64HJ,Soft
7-Z75T3SBIA,Soft
7-33CFOWXKCC,Soft
7-YEI2BJ7EF,Soft
7-33DBDR23SR,Soft
7-ZC7WQIDYQ,Soft
7-33AOTCLN4Q,Soft
7-YFDAWY32O,Soft
7-ZWKAJ33HE,Soft
7-32GEYFX7UQ,Soft
7-ZUNRVFKBH,Soft
7-ZNSHOXJEH,Soft
7-ZWCRB22QS,Soft
7-32EROUAV6P,Soft
7-ZWCGKQ7FR,Soft
7-XPDJKWJ46,Soft
7-ZOUOGNCQZ,Soft
7-ZPCAGYNFK,Soft
7-32KW5XZLID,Soft
7-32AWV74AVU,Soft
7-334MKNKQAA,Soft
7-334VYBRMIQ,Soft
7-3353KGDLLE,Soft
7-32TLINT36A,Soft
7-32MNIMXMCP,Soft
7-33KHIR4PI5,Soft
7-WEZAPUYFI,Soft
7-33KPNVRLYB,Soft
7-33LZY27K4A,Soft
7-33MLRJVTUC,Soft
7-33A5T74TUN,Soft
7-ZZV4Q5KDE,Soft
7-323LDHAP2D,Soft
7-ZSPHXZIJN,Soft
7-ZTOS4UJVH,Soft
7-ZEJML3OLC,Soft
7-X5SDIPJXT,Soft
7-ZOKESUQUJ,Soft
7-32COWXJTS4,Soft
7-32HM3PO3AC,Soft
7-32I3ANGSXN,Soft
7-YUQTLEQ7A,Soft
7-ZUDKKDGB3,Soft
7-ZUE2D77IQ,Soft
7-ZYFMDTDI7,Soft
7-Z4VGQEGLV,Soft
7-X654XOYQY,Soft
7-ZJCIE2LET,Soft
7-33HWUHLGV5,Soft
7-33HCVZJIYS,Soft
7-32TV4WFQM6,Soft
7-ZQYPISDII,Soft
7-335EF5JW7U,Soft
7-336TV32KJV,Soft
7-322V4HQOTJ,Soft
7-3373MM2O7J,Soft
7-3255ZPKXX3,Soft
7-32LKGOQQGD,Soft
7-32MWYT4DTB,Soft
7-33EC7TQWH6,Soft
7-33F2VD73A6,Soft
7-33FARVRNZ2,Soft
7-33FM6OHRHW,Soft
7-33FP6NYH6R,Soft
7-33GO5YXZZK,Soft
7-336WOFL565,Soft
7-32W2XYC3DD,Soft
7-Z5Q23Q4YB,Soft
7-32ODGDTV5N,Soft
7-ZJYWLKD3K,Soft
7-32QJ7I2EOC,Soft
7-YULSRAPGE,Soft
7-32VBJGQ3BZ,Soft
7-ZUFAKYTGE,Soft
7-33MPFPNTEC,Soft
7-XWCC7MWUU,Soft
7-33ILLVQTJQ,Soft
7-Z7NZMEFBG,Soft
7-32G23SUEKQ,Soft
7-ZQYOML64G,Soft
7-ZUKFYF3YC,Soft
7-32OUWNZTTH,Soft
7-33O5VJDNPH,Soft
7-32TMGBMV63,Soft
7-Y7NTFTFJN,Soft
7-33KFFOT33G,Soft
7-33ATSD4HI5,Soft
7-YW4AS6WEJ,Soft
7-Z3ERNO25B,Soft
7-ZVKHVNAAL,Soft
7-324OOAP34L,Soft
7-YB5VTUJPQ,Soft
7-33C5PSRIHO,Soft
7-33DFUSCTV3,Soft
7-333JMJWA5L,Soft
7-334FXW2RWG,Soft
7-32HX5Z2UX6,Soft
7-SPZJLDDWL,Soft
7-3272ASP7QX,Soft
7-327FFJ4H4S,Soft
7-ZHLD673HQ,Soft
7-322XTVKZHK,Soft
7-3256F4T7IX,Soft
7-32BYZC4Q7N,Soft
7-32KR323UUF,Soft
7-YNWWEY3R4,Soft
7-WX7U6G7HK,Soft
7-VCLYIHEKM,Soft
7-ZL75CIQVF,Soft
7-WNJQSS7JL,Soft
7-33E5A7FOZR,Soft
7-336NOF2TQY,Soft
7-33C34KUCBZ,Soft
7-33FF3FLS64,Soft
7-XHF5WXMGV,Soft
7-XHG3E5WCX,Soft
7-YUTLAE6AC,Soft
7-ZIFJ4PAAX,Soft
7-33CEWVLF4V,Soft
7-ZSU7VDIN4,Soft
7-ZR5P3Z7LQ,Soft
7-ZNCQGILY7,Soft
7-32362UZZHF,Soft
7-323GG4KD7Z,Soft
7-ZGQYYNDNI,Soft
7-ZI4CWLZ43,Soft
7-ZJIEKF52A,Soft
7-ZHQYW5VSS,Soft
7-ZJHTDJOZV,Soft
7-32OET25Y6F,Soft
7-334KPW4XQD,Soft
7-33AN7RQHGW,Soft
7-33E23X7NW4,Soft
7-33FFUGETGM,Soft
7-WQ3LXR45Y,Soft
7-33FOFUIU34,Soft
7-ZFPJ5FYJS,Soft
7-XTGFWCBB6,Soft
7-33IUPD7JIR,Soft
7-33J65344RU,Soft
7-YHW7CQLHJ,Soft
7-32AWQZDHCU,Soft
7-32BUUXRMJO,Soft
7-32H5KWHWYT,Soft
7-ZYAMXQRCX,Soft
7-33H3TF55X6,Soft
7-33HQ3VMZEV,Soft
7-33HVACV7TV,Soft
7-T2DUBIEMX,Soft
7-XDGTLGEGA,Soft
7-XYS55I554,Soft
7-32CL4YWP3W,Soft
7-YLR53SZTW,Soft
7-326FHWF4UD,Soft
7-YEUJNJ5U6,Soft
7-33IO7FS57X,Soft
7-ZJ6TGBDEY,Soft
7-ZR47TU4ET,Soft
7-ZZGH2J3CC,Soft
7-ZZHFGQSM3,Soft
7-33FAT76DSA,Soft
7-ZVUFZKZA4,Soft
7-326V6FZGQY,Soft
7-T2DOFRMF2,Soft
7-32EGI7BOKA,Soft
7-32G6Z2EYVP,Soft
7-32W7Y65NRD,Soft
7-32HJ7RKP3V,Soft
7-326TJ5HKSV,Soft
7-32AFPV453I,Soft
7-32AHRBMDEJ,Soft
7-32HZ62MEJZ,Soft
7-32JCWKQPL4,Soft
7-32BRBSTZ3O,Soft
7-SSW3FT3CX,Soft
7-32MVNJE3I5,Soft
7-32ODRFMWQQ,Soft
7-33OWENTBRY,Soft
7-32OGLOOT4I,Soft
7-VXCXZWPUM,Soft
7-ZC2GVV3BJ,Soft
7-334DA7INZH,Soft
7-YPN62SQDD,Soft
7-33KVHTWGNC,Soft
7-33LE4ZV3QI,Soft
7-V5DJPXGGK,Soft
7-Z37CKMNEO,Soft
7-ZGHDEHM2T,Soft
7-ZVKQ7LDG5,Soft
7-32LILVXFG6,Soft
7-ZURKHDCSD,Soft
7-32N6TBPTUI,Soft
7-33CAKVVQ52,Soft
7-33CLIPZ3PD,Soft
7-ZPG3J2FYM,Soft
7-32P7FVUYCW,Soft
7-32TLG5FBAZ,Soft
7-334YFGI5HT,Soft
7-32Y4AVHA4V,Soft
7-32ZNAEIJIB,Soft
7-33HLZNOVAV,Soft
7-33JA4X4EYS,Soft
7-33KFSRCKFN,Soft
7-33KMRAC5LZ,Soft
7-32P77C5Q33,Soft
7-32QAD5EGMI,Soft
7-U3DH3KREE,Soft
7-33O4EALB3A,Soft
7-334I2KOCTA,Soft
7-334YVJTDIR,Soft
7-334JGNQUAZ,Soft
7-3352W3ZMOP,Soft
7-33667IBMT7,Soft
7-336IX7LBSV,Soft
7-33DDWX5HVS,Soft
7-ZAOHUXGEK,Soft
7-ZVWSJPHRY,Soft
7-3234S2ZOG4,Soft
7-32HW4IYX4O,Soft
7-YU5HXUOXH,Soft
7-32KMSRDI3Q,Soft
7-33OELYNRYE,Soft
7-32VNZT5NGY,Soft
7-33OHQYKDYZ,Soft
7-32XC5Z65C5,Soft
7-33L4POLL32,Soft
7-335F3DND57,Soft
7-32U6PWWYXF,Soft
7-ZMKP5DRSA,Soft
7-336K7BRSXB,Soft
7-33IVBZXEBX,Soft
7-ZAGLKB2S7,Soft
7-ZX3IAUTK6,Soft
7-33C546WYER,Soft
7-U4RJVZWPN,Soft
7-ZII3TNCQP,Soft
7-32DVVRX2ZA,Soft
7-32GBGMF25K,Soft
7-32LFA7T2ZR,Soft
7-33HFUCPNCO,Soft
7-Y2PRUGDQV,Soft
7-33JA6QF2OV,Soft
7-33KGIWBSS2,Soft
7-YN35FOYZS,Soft
7-ZZTW2XAJZ,Soft
7-WNY7MAMXY,Soft
7-ZXU2K7DHR,Soft
7-X7XCHJ5QI,Soft
7-WTPWBODEO,Soft
7-32EINNNQC6,Soft
7-33IWJBJDP3,Soft
7-Z7H2WAOSN,Soft
7-32LQCSLFJC,Soft
7-ZQR2VNW2L,Soft
7-ZSQAIXS3P,Soft
7-ZW5IQ3B6G,Soft
7-YYGLEOWT4,Soft
7-326IZBJIOG,Soft
7-Z6XODC6PE,Soft
7-32OSV2LTP4,Soft
7-ZEPDISX6Z,Soft
7-ZEQT5NV3L,Soft
7-ZAWVQFMCB,Soft
7-ZQSNGLUSA,Soft
7-33OAEYPXW4,Soft
7-32X5GUDE5O,Soft
7-32XLV3GFRR,Soft
7-XQMOZQFZB,Soft
7-XR3GD435D,Soft
7-32J6QBA6X6,Soft
7-32MWRLBP4U,Soft
7-33OVKAFUXW,Soft
7-32SHTQSTRG,Soft
7-ZLXUAW3UY,Soft
7-333HNZ5VHX,Soft
7-335ZKASOSN,Soft
7-322XTPQAMG,Soft
7-323SR2EXPH,Soft
7-323UN6BHUN,Soft
7-33H3ICGTWX,Soft
7-32BUYIHXBX,Soft
7-333DNQLMBU,Soft
7-33GUH4KYV2,Soft
7-33KNOANPXD,Soft
7-33L3ENVPG3,Soft
7-33C7LI5QKE,Soft
7-32FOW5YQMD,Soft
7-ZAFUH7RLG,Soft
7-33DCGE4B6G,Soft
7-33MIFLGHVX,Soft
7-33ADQ3D6ZZ,Soft
7-323OI2SSG6,Soft
7-XQTFLUNVF,Soft
7-33L6LQFAA6,Soft
7-32E4NGSBXB,Soft
7-ZW6QEXGLQ,Soft
7-325LMDCUVW,Soft
7-ZZX7LWRJN,Soft
7-33KQFNQJ23,Soft
7-WUYKIJ5HG,Soft
7-33FULIPYXK,Soft
7-33BS2C77KR,Soft
7-ZY6JDTRVM,Soft
7-33HQNKQRUS,Soft
7-33INICVWKM,Soft
7-33ISQ5IC3R,Soft
7-326L253TPA,Soft
7-324UEWYZTB,Soft
7-326XURJV4G,Soft
7-32VR7EHPEK,Soft
7-32XDBPJHLG,Soft
7-33AAJOXMJ2,Soft
7-YSNFM2SJ4,Soft
7-33FF6NEPMN,Soft
7-33KBA432CO,Soft
7-32MPFP2VLP,Soft
7-32ANVCFGTR,Soft
7-32APT7PSWA,Soft
7-32IVOYZZEE,Soft
7-32J57MN5O5,Soft
7-32IWS2NR7P,Soft
7-32ZD3EPSXS,Soft
7-33ANBWUAI5,Soft
7-ZIDPOR7LK,Soft
7-33MMKKQGUA,Soft
7-33DCBZEPPR,Soft
7-33DFFOBUH4,Soft
7-33NVVK4KXI,Soft
7-ZUORDQNKW,Soft
7-32CWCNILHO,Soft
7-33KZLEGOFT,Soft
7-33LEY4GHVT,Soft
7-33J4ILKF6H,Soft
7-33HDKJYKI4,Soft
7-33HR2AN2LD,Soft
7-33HUHVQYMA,Soft
7-33KXERMJL5,Soft
7-32TRND6US6,Soft
7-33MLSNY3IY,Soft
7-32LI54PY7S,Soft
7-ZOYMTRHO6,Soft
7-33GVVSZSXO,Soft
7-33JMMZ62KW,Soft
7-ZC7ZHSOWW,Soft
7-ZJ5SDFKAN,Soft
7-32GIC7TIK2,Soft
7-32VXHYO2W4,Soft
7-YVZC3A2AC,Soft
7-33OGOYMEZS,Soft
7-33AGCJ2456,Soft
7-33ALNKWZB6,Soft
7-33CCBUMWMU,Soft
7-ZVUGWJSKS,Soft
7-323FQHXMMS,Soft
7-ZFPD2QHRQ,Soft
7-ZW4GO32QB,Soft
7-32AT426GRH,Soft
7-32HS3SKZ7B,Soft
7-32MG2IEZRS,Soft
7-32FMQTFP75,Soft
7-32G5GYMMHJ,Soft
7-32HAZY74YM,Soft
7-32JNUXDOQV,Soft
7-332JGH7AVQ,Soft
7-32RQFPDHBA,Soft
7-333GTU2KVX,Soft
7-32MLXHZWAA,Soft
7-33LFBEOYEP,Soft
7-32QH63DXVR,Soft
7-332L7M6BVH,Soft
7-332YZGB2EU,Soft
7-326MRQWIBU,Soft
7-32253Y72MN,Soft
7-32WR2OFXS5,Soft
7-32XS27XHGP,Soft
7-32TRMK3ZHR,Soft
7-32Q6Y7QTQ4,Soft
7-32B6FEBCLS,Soft
7-33BKW7JALS,Soft
7-33BOHNBCXD,Soft
7-33BXPKSIB6,Soft
7-33IIKZD7YE,Soft
7-33KH7VE23F,Soft
7-334VYH4447,Soft
7-33ASYM2CJG,Soft
7-XBCZZTAKF,Soft
7-33LFBQXD4E,Soft
7-33KTLT7GEP,Soft
7-33JKDZJ3AF,Soft
7-32ADLI4OL4,Soft
7-32B4FEGZAI,Soft
7-32B5VN2SVP,Soft
7-32BZO7ISBL,Soft
7-WF6FXKGLI,Soft
7-32RSOPS33F,Soft
7-332USXXGTX,Soft
7-33E2BOZQP2,Soft
7-33FVG4RW5X,Soft
7-333L3LEPOY,Soft
7-323DUKUYA4,Soft
7-323UUVPLR2,Soft
7-33LA6KTF4A,Soft
7-XF6Z2LERO,Soft
7-32KLY756HO,Soft
7-ZB7CJMDFA,Soft
7-32HVESZDSD,Soft
7-32HW63KUYP,Soft
7-32UHXQZCZG,Soft
7-V6SST4VHZ,Soft
7-YEYQM6GPY,Soft
7-336SLR57U3,Soft
7-ZEIG3DAFK,Soft
7-33DCBSWQU4,Soft
7-33DKMBLBG6,Soft
7-33DGPV7BDR,Soft
7-YFYYFKZWW,Soft
7-VE7BXJXJJ,Soft
7-ZVDJG6QRB,Soft
7-32OGDELKA7,Soft
7-YPKBM7CE4,Soft
7-333L7JA2ND,Soft
7-33ISXXXFWK,Soft
7-YY4S7D2N3,Soft
7-ZURJDEKZO,Soft
7-32XLIF52BJ,Soft
7-33O6WHZZFF,Soft
7-33DMFTKC4U,Soft
7-33E3C6LJQB,Soft
7-3224AHRHDQ,Soft
7-3257MTGWFR,Soft
7-Z44YIH22M,Soft
7-Z3F77B2WN,Soft
7-32GGSRFMHC,Soft
7-WRUNBGZOS,Soft
7-WTJEM3ZNO,Soft
7-32L5P2PJAE,Soft
7-ZLLFCAFZ3,Soft
7-32Z6S5D62L,Soft
7-32ZD4PRFGG,Soft
7-32I6RVYECB,Soft
7-33KNET33CJ,Soft
7-32LH2BPSZB,Soft
7-VWWXWFO4I,Soft
7-33EAVLAZIY,Soft
7-334UK4GP3U,Soft
7-YPIQEI7GL,Soft
7-YRDEGTZV5,Soft
7-334LV6YYBO,Soft
7-ZCVWYJVUY,Soft
7-33BSQUMLOD,Soft
7-32YPUQHQF5,Soft
7-334B5YHZWB,Soft
7-YGRWYS72I,Soft
7-32B6L7IT6V,Soft
7-ZCJG3IQEI,Soft
7-33GUHCCLUQ,Soft
7-33ITFWP56O,Soft
7-32H63PDLYB,Soft
7-32HH626QYP,Soft
7-32XZK2TWXX,Soft
7-33A4A6RFO5,Soft
7-33L5NBGCA5,Soft
7-WZDWPRNIA,Soft
7-33HFAUNNNC,Soft
7-ZJK343DYQ,Soft
7-XQVXUOBDM,Soft
7-32ZHMBVB7I,Soft
7-ZMOLDO44Z,Soft
7-32GFIKUJ4E,Soft
7-333JGBGDA7,Soft
7-XQUT2XH6I,Soft
7-YZH3MZEN3,Soft
7-33OHCKD43P,Soft
7-YSBCRT4HE,Soft
7-X4KXNKAV6,Soft
7-333UTCZ25D,Soft
7-33M2BVHZ2A,Soft
7-33MGJURCVB,Soft
7-XREOMO2V5,Soft
7-X6TTSH5A3,Soft
7-ZBYAYJYDB,Soft
7-ZWLJVLY2V,Soft
7-Y6TSGI55L,Soft
7-TVSM5HXC7,Soft
7-YXLNIZOAZ,Soft
7-VQCSZOB4O,Soft
7-UTHB2YSVQ,Soft
7-32O442MVRD,Soft
7-32O7D36AMC,Soft
7-32OMSJ7IEK,Soft
7-ZPF5TEK36,Soft
7-YEEKRBRAA,Soft
7-ZJJFGJXHJ,Soft
7-336BACRTHA,Soft
7-32MRYFQ2B5,Soft
7-VQ2X77QTG,Soft
7-ZS6CEZ5IG,Soft
7-33DGYXZSCT,Soft
7-3272PCEKWA,Soft
7-YIMAUDP7B,Soft
7-33EDAK55HC,Soft
7-33HDD2TLBX,Soft
7-33LHDMAEHZ,Soft
7-33M36MVYTR,Soft
7-33MLIFTEIX,Soft
7-VNZULF6EU,Soft
7-VXSWCEBMM,Soft
7-337QBLURHF,Soft
7-ZS4YYERMC,Soft
7-ZUPUWUYSB,Soft
7-YKDATVIPK,Soft
7-Y2HOUSLLR,Soft
7-334MED4E7I,Soft
7-ZD4HXRWP2,Soft
7-33L5CYMIIN,Soft
7-33M6DRFCWY,Soft
7-33MWDCZICR,Soft
7-33N6XH7RCZ,Soft
7-33OHY2JHOO,Soft
7-33OUDXV2L5,Soft
7-ZQXJOLY2C,Soft
7-YQLHA6WBX,Soft
7-Z7NGFZRDC,Soft
7-ZDTG6PGFD,Soft
7-32HEZM3CL5,Soft
7-32HF2X3LBP,Soft
7-33DX6ZUQCB,Soft
7-32G5232CFM,Soft
7-ZZJGLQB6T,Soft
7-332HZ4PEHQ,Soft
7-YEHZFRIES,Soft
7-XLUP3N45I,Soft
7-32QAS52BAS,Soft
7-Y7H6XIJZK,Soft
7-32Z56FNAL2,Soft
7-3362LB4YYK,Soft
7-XSUZOPS2E,Soft
7-3376LQGF6R,Soft
7-33C5VQC4PJ,Soft
7-ZI3BH4D6J,Soft
7-33NXJO2ZWP,Soft
7-33OM5LDWTZ,Soft
7-33EBZSMTOS,Soft
7-33FU7V6CAA,Soft
7-XBE4IZIOQ,Soft
7-33KG2OSQRZ,Soft
7-SQYCMWKNH,Soft
7-YZYCSVDAS,Soft
7-ZR57QU7IN,Soft
7-ZD5WKT7YC,Soft
7-322V5FOKGD,Soft
7-TZZ34ZOQQ,Soft
7-33BWDIC6N4,Soft
7-336EUULRHA,Soft
7-32O6N5JQDH,Soft
7-33O6TW5T5Q,Soft
7-32GGT46UA2,Soft
7-33FIMHBWLY,Soft
7-VFB2PNE5L,Soft
7-33FT2JUPGF,Soft
7-33FXNPPB3K,Soft
7-33IO6CWASO,Soft
7-32EJTGJHXV,Soft
7-ZPG6MIU5Y,Soft
7-YCYRNXCWY,Soft
7-ZQJFNH6EG,Soft
7-32JGCF6WE6,Soft
7-336LLNRU7N,Soft
7-336OAQDW4H,Soft
7-33747O4WAX,Soft
7-33C4XU2SIN,Soft
7-Y2BCKH7J4,Soft
7-YFCIE5QTP,Soft
7-33H5DUOXML,Soft
7-YXZ2SC5OI,Soft
7-323EKL4EDW,Soft
7-ZY3UV5G3T,Soft
7-3334XWHHRP,Soft
7-32MKANZZZY,Soft
7-32MKHYNIFR,Soft
7-ZQNLLU3HQ,Soft
7-32H6M4ZXTW,Soft
7-33JNUCVOZL,Soft
7-33O5QOYJ7J,Soft
7-ZZW2EVZNW,Soft
7-32QLPW2HSB,Soft
7-33DPDW7SC3,Soft
7-32ZD5ORWT2,Soft
7-33DWSYRU2T,Soft
7-Z5XRGHAK3,Soft
7-XAQQIUMC3,Soft
7-Z5EIXFQNZ,Soft
7-32VA76IRL3,Soft
7-32VCIIGFOC,Soft
7-Z5X2TINMY,Soft
7-YEYRUCCJH,Soft
7-32DQOXJU2S,Soft
7-32EL67MKXW,Soft
7-32GC5BDIXX,Soft
7-32HM7DPQ4I,Soft
7-33MFHHZI2T,Soft
7-33MU2EF6RU,Soft
7-33MVHKNE3F,Soft
7-33ISHTSZ5O,Soft
7-33O7NTUUXX,Soft
7-32ITON56X2,Soft
7-33KTSUD5RQ,Soft
7-33MPVPEBRS,Soft
7-33AMD6JZJ5,Soft
7-32MGWP7KIH,Soft
7-33DKZAHP7U,Soft
7-32OTDR6TV7,Soft
7-333H2WJO2R,Soft
7-Z3VLWBOSW,Soft
7-32KZFBF7BU,Soft
7-33IVMEWTLB,Soft
7-33IZECLCNT,Soft
7-336VZIJ6D7,Soft
7-33CLBJK5ZD,Soft
7-33AFWNC4CP,Soft
7-ZNLTWGTSG,Soft
7-33CEVKEY3N,Soft
7-ZOLDCOTDT,Soft
7-32XBEFVGPN,Soft
7-333UW7H52D,Soft
7-334AKSASXE,Soft
7-334JERDWF3,Soft
7-32MZJY4WIW,Soft
7-32N3D5P4PN,Soft
7-3274F2PWIF,Soft
7-33KH2F4SP5,Soft
7-32Z2GUPJ6E,Soft
7-32AM54Q6B6,Soft
7-33IZGBFRTT,Soft
7-32CDP6TKK5,Soft
7-32I5ZGJHDA,Soft
7-32LFBKSIJG,Soft
7-32NB6QKMTA,Soft
7-32UTNYOFPB,Soft
7-332L6X2IUI,Soft
7-333USMK3XW,Soft
7-323HUSEFU4,Soft
7-333SGRFSDO,Soft
7-32OWBK6RUO,Soft
7-33OOFIXBSS,Soft
7-323NHDMDN2,Soft
7-32Q2QI27A6,Soft
7-32S5IB6MEZ,Soft
7-335VOT6CW7,Soft
7-ZNJCYLHAP,Soft
7-334VGUDBLF,Soft
7-335CVCNHNG,Soft
7-ZJZBWC4UB,Soft
7-33DC7HHYS5,Soft
7-3334HURRED,Soft
7-323MP6EUT4,Soft
7-33OLESVIRP,Soft
7-33OTIR6LCP,Soft
7-32XTE2WKXL,Soft
7-336FDBZ4ED,Soft
7-32W32XF2ZE,Soft
7-32H3KF5ZYI,Soft
7-33BZ6GVKEU,Soft
7-33D7O3PEKC,Soft
7-33H3V74S7T,Soft
7-33HFJCM6V5,Soft
7-33HUWRNQ5L,Soft
7-32VQSIDANF,Soft
7-33J4ZSCH5V,Soft
7-32N633F6IQ,Soft
7-33J5ZOH56G,Soft
7-32NC6RXLQ7,Soft
7-33KEDNESGG,Soft
7-33MOJMMOIM,Soft
7-33NTSL265T,Soft
7-32W7DV6F5J,Soft
7-336VX566VN,Soft
7-33ADYFUMVS,Soft
7-33G2FW5IXZ,Soft
7-Y7FJS4EH7,Soft
7-X4GWSH325,Soft
7-ZQFKMLPNT,Soft
7-ZQZY7ES2U,Soft
7-335EHCXNNR,Soft
7-336NQGL5UH,Soft
7-336UFJVIAJ,Soft
7-337LPZ4353,Soft
7-334KSZFWEX,Soft
7-YB7ON6YLC,Soft
7-Y2LIWZ734,Soft
7-33LE45SUGD,Soft
7-33MCCZUMWZ,Soft
7-33C4OBRABI,Soft
7-32COBDB4VK,Soft
7-ZXOPOYIBH,Soft
7-32FEBJ2KIN,Soft
7-YYGL4SGMT,Soft
7-33GTQIAIPZ,Soft
7-33HE5QOZWS,Soft
7-33J3F6Z5PZ,Soft
7-33KIPYPMNW,Soft
7-33KJF2UH74,Soft
7-U53243NBS,Soft
7-TYC5PZATN,Soft
7-Z24XC4NKD,Soft
7-XENQZD466,Soft
7-XEMCBJOIF,Soft
7-ZGGJ3CZZL,Soft
7-ZVWADBHS6,Soft
7-YWI7BJINR,Soft
7-YWIA7KV3G,Soft
7-Z7QRDRE2K,Soft
7-Z3MRNE6JR,Soft
7-YLKYAAGS2,Soft
7-ZJU2OBRP2,Soft
7-ZBZDDPFSA,Soft
7-ZI6QXOJFZ,Soft
7-YTDPBVQ5P,Soft
7-YV5PTBQKF,Soft
7-YWGVJQJN7,Soft
7-WMD3AGOS4,Soft
7-Z3VPIVBBU,Soft
7-YXX43CNDR,Soft
7-XF5XHQCDU,Soft
7-YGOHTREYD,Soft
7-ZXPHQBHS3,Soft
7-XMRAJFHEZ,Soft
7-ZUDETC5TA,Soft
